EmployeeID,FirstName,LastName,Department,JobTitle,Phone,Email
1,Gregory,Thompson,IT Support,Developer,914-154-0011,jacqueline48@parsons.com
2,Alexander,Martin,HR,Executive,001-639-060-9549x0697,emily46@mcdonald.net
3,Monique,Li,Marketing,Engineer,8924611307,acostabenjamin@gmail.com
4,Jose,Rodriguez,Marketing,Engineer,001-842-595-8503x976,jason22@gonzalez.net
5,Rachel,Rivera,Engineering,Developer,001-762-443-0664x95833,anita62@yahoo.com
6,Jason,Davidson,HR,Coordinator,001-277-164-4101,pamelaspencer@gonzales-barrett.com
7,Nathan,Leon,IT Support,Engineer,+1-890-260-3345,weavermark@davis.org
8,Jennifer,Martinez,Finance,Engineer,+1-368-818-7306x5749,juliaharris@yahoo.com
9,Carol,Hughes,Engineering,Manager,001-285-137-7637x89946,dwaynegomez@hotmail.com
10,Robert,Mccarthy,HR,Coordinator,(442)914-9488,daniellehendricks@hansen.com
11,Terry,Schmidt,Sales,Developer,783-097-2893,mcastaneda@gmail.com
12,Linda,Alexander,Engineering,Analyst,450.384.3801,uwhite@yahoo.com
13,Holly,Ford,Sales,Coordinator,718-450-9213x306,donald71@gmail.com
14,Cynthia,Martin,Marketing,Manager,(649)259-0826x420,brianroach@yahoo.com
15,Melissa,Gardner,HR,Executive,(793)367-2415x769,calderonnicholas@fowler-gray.com
16,Amanda,Lawson,Sales,Developer,095-488-5591x630,tarapope@rangel.com
17,John,Vasquez,HR,Manager,706-039-9317x873,andersonshannon@young.com
18,Belinda,Baker,HR,Manager,094-937-4989x84928,cynthia96@becker.com
19,Adam,White,Finance,Analyst,682.622.2706x08171,gillsamantha@dunn-smith.com
20,Cheryl,Wilkerson,HR,Coordinator,550.847.6916x374,sextonmaria@hotmail.com
21,Sharon,Hayes,Marketing,Analyst,001-884-204-8995,anthonystanton@kelly.com
22,Sarah,Dominguez,HR,Analyst,+1-412-824-3867x795,william15@gmail.com
23,Debra,Moore,Finance,Coordinator,001-837-838-1342x97887,nelsonalicia@yahoo.com
24,Kimberly,Bell,Marketing,Manager,(557)466-8045,laura84@hotmail.com
25,Amber,Herman,Engineering,Analyst,001-853-698-7587,nicolebernard@hotmail.com
26,Kayla,Soto,Sales,Analyst,127.755.1525,rcalderon@hotmail.com
27,Steven,Pitts,IT Support,Analyst,001-587-973-7019x627,martinezmatthew@hotmail.com
28,Timothy,Brown,Marketing,Developer,+1-529-906-0115x99312,whitney17@gmail.com
29,Gabrielle,Olson,Engineering,Coordinator,038.006.2896,zachary97@johnson.biz
30,Lisa,Vargas,IT Support,Developer,870.270.1027,hoffmanchristopher@hotmail.com
31,Adam,Frey,HR,Engineer,239.292.0984x3407,joneskatherine@martin.com
32,Rachel,Gray,Finance,Coordinator,001-908-959-4920x1318,alexandra72@morris.com
33,Jonathan,Pruitt,Sales,Executive,+1-256-716-0793,roytimothy@yahoo.com
34,James,Wood,Sales,Executive,+1-203-597-7698x03546,leeamanda@hale-smith.com
35,Christopher,Whitaker,Finance,Coordinator,727-180-7640,serranoamanda@yahoo.com
36,Susan,Kennedy,IT Support,Engineer,+1-540-612-0576x1812,griffithdeborah@hughes.com
37,Joseph,Church,Marketing,Analyst,195-045-2942x905,tylerwendy@hotmail.com
38,Matthew,Ferguson,HR,Engineer,001-145-277-2431x396,tgray@webb-pierce.com
39,Tiffany,Lyons,IT Support,Executive,+1-374-296-6169x014,john39@wright.com
40,Emily,Le,Sales,Developer,001-793-307-0490x976,rgrant@graves-vargas.com
41,Jennifer,Clark,HR,Engineer,001-335-939-1881x8970,kellytonya@james.com
42,Ana,Santiago,Marketing,Engineer,001-596-819-1516x919,benderisabella@yahoo.com
43,Michael,Taylor,IT Support,Manager,362.918.3601,swalton@hotmail.com
44,Patrick,Thompson,HR,Developer,(348)625-7549x9271,wchavez@gmail.com
45,James,Holland,Marketing,Analyst,(884)425-1185x251,cynthiagray@arias.com
46,Frank,Townsend,IT Support,Coordinator,005-527-0823x00280,qmclaughlin@richmond.com
47,Linda,Huffman,Finance,Analyst,149-370-2846,maynardmarcus@yahoo.com
48,Craig,Powers,Finance,Engineer,679-766-9015,jay40@hotmail.com
49,Amanda,Long,Sales,Engineer,+1-812-652-3448,morrisjohn@yahoo.com
50,Heather,Hayes,Engineering,Executive,6593999386,ascott@weeks.info
51,Sherri,Coleman,Marketing,Developer,810.969.9057,kimberly06@hotmail.com
52,Greg,Martin,Marketing,Engineer,593.772.1213x651,johncook@hotmail.com
53,Jessica,Lopez,Sales,Developer,968-172-6618,zhines@morris.com
54,Elizabeth,Rivera,HR,Developer,001-890-999-5272,qsmith@davis-snyder.com
55,Ronnie,Dickson,Engineering,Manager,001-360-665-8658x6590,kimberly39@taylor.com
56,Brian,Lawrence,Engineering,Developer,086.005.0162x0074,ncampbell@yahoo.com
57,Destiny,Lucero,HR,Developer,087-376-3236,kimberlyoneal@yahoo.com
58,Stephen,Roberts,Engineering,Engineer,+1-921-554-1474x9329,jennifer97@smith.org
59,Samantha,Page,Engineering,Manager,8798117589,ethan27@austin-tanner.com
60,Stephen,Hopkins,Sales,Developer,(193)777-5706x078,staceysmith@gmail.com
61,Marie,Doyle,Finance,Executive,(891)790-1696x25564,zhenry@fuller-bonilla.org
62,Christian,Wright,HR,Executive,2856105682,ewatkins@velez.net
63,Michelle,Potts,Sales,Engineer,+1-129-929-6003x40072,anthony85@kaufman.com
64,Wayne,Levine,Marketing,Manager,027.131.9914,lisa65@hotmail.com
65,Christine,Bennett,IT Support,Coordinator,495-866-7736,bradley38@erickson.com
66,Brianna,Torres,Finance,Analyst,(120)310-1964,mccoyemily@hotmail.com
67,Erin,Green,Engineering,Developer,001-053-993-6994x7303,lisa30@yahoo.com
68,John,Thomas,Sales,Executive,752.676.3037,brownvalerie@gmail.com
69,Penny,Hudson,Engineering,Analyst,(964)120-8448,fcrosby@hotmail.com
70,Kathleen,Schroeder,IT Support,Developer,(443)151-1375,balvarez@gmail.com
71,Julie,Blake,IT Support,Engineer,258-075-1401x50549,kcarney@gmail.com
72,Keith,Hernandez,Sales,Executive,+1-790-441-3483x8092,mark70@hotmail.com
73,Pamela,Rhodes,HR,Coordinator,(392)985-8315,mary94@rivers-dixon.com
74,Lorraine,Hill,HR,Manager,001-518-998-7373x7938,keyjulie@gmail.com
75,Sandra,Lee,HR,Executive,(029)808-3286x34114,longcaroline@turner.com
76,Jessica,Wallace,IT Support,Engineer,525.029.1778,devon23@webb-davis.com
77,Douglas,White,Sales,Coordinator,001-724-132-2422,tracey12@vaughan-bruce.net
78,Amanda,Alexander,Sales,Analyst,6835370291,morganchen@hotmail.com
79,Eric,Peters,Finance,Analyst,733-508-6475x17900,lisa56@hotmail.com
80,Bradley,Mcmahon,Sales,Coordinator,521.361.1894,jose61@morgan.com
81,Kimberly,Ellis,Marketing,Coordinator,239.600.0735,amanda98@oconnell.biz
82,Matthew,Miller,Marketing,Engineer,+1-342-550-1069x3610,heatherpotter@gmail.com
83,Lindsay,Good,Engineering,Developer,372-763-8338,andrew67@gmail.com
84,Douglas,Jacobs,Engineering,Coordinator,001-750-339-1631x529,laurapetty@yahoo.com
85,Diane,Chavez,Sales,Manager,012.705.4700,kyle95@richardson-campbell.com
86,Jamie,Weber,Finance,Coordinator,953-579-7411,simskathy@holloway.com
87,Rebekah,Hoffman,Engineering,Executive,(677)463-7097,brose@brown-mills.com
88,Charles,Tanner,HR,Analyst,+1-852-401-3430,victoriajones@hill.com
89,Wendy,Cruz,Marketing,Engineer,548-427-3923x14601,morenojoshua@gmail.com
90,Wendy,Bailey,IT Support,Manager,+1-834-832-4450x539,timothybass@snow-holland.info
91,Jenna,Wright,IT Support,Manager,(276)183-7654x29810,darryl50@yahoo.com
92,Melissa,Hines,IT Support,Executive,727.444.0951,reynoldsstephanie@gmail.com
93,Matthew,Reyes,Sales,Engineer,580.856.7768,richard87@gmail.com
94,James,Estrada,Engineering,Developer,(026)641-3744,joshuacontreras@hotmail.com
95,John,Vega,Engineering,Executive,+1-544-693-7427x010,travismiller@yahoo.com
96,Richard,Jones,Sales,Manager,+1-509-042-5966x6577,daltonanderson@yahoo.com
97,Valerie,Lynch,Engineering,Coordinator,552.679.5716x221,ierickson@yahoo.com
98,Karen,Hodge,HR,Manager,001-566-672-0354,marydavenport@yahoo.com
99,Samuel,Delgado,Engineering,Coordinator,+1-999-098-2643x89840,teresa73@yahoo.com
100,Jennifer,Roach,IT Support,Manager,001-502-252-1377x3223,sthompson@fuller.org
101,Jenna,Braun,Finance,Engineer,(440)327-2816x51978,tamaralee@matthews-king.biz
102,Mary,Livingston,IT Support,Manager,+1-392-485-0881,michael53@sharp.info
103,Carrie,Velazquez,Sales,Executive,(475)108-6958x86390,jhall@gutierrez-waters.com
104,Keith,Liu,Finance,Manager,+1-959-399-9348x001,david22@duncan.biz
105,Tonya,Taylor,IT Support,Manager,(203)284-1517,cross@munoz.com
106,Alexander,Baker,Engineering,Engineer,(659)569-0174x412,gina06@cruz.info
107,Dominique,Owen,Finance,Developer,993.357.3653x43581,vjohnson@gmail.com
108,Nancy,Lewis,Marketing,Executive,261-412-2503x2555,jacobturner@hotmail.com
109,Breanna,Barton,Marketing,Manager,+1-911-053-4694x48486,janet05@williams.net
110,Jason,Castillo,Finance,Manager,(458)377-7195x0908,garymiranda@smith-harris.com
111,Michael,Schroeder,Sales,Developer,(101)661-6703x95214,doris41@hotmail.com
112,Sarah,Heath,Marketing,Engineer,229-671-0630x5476,lisamason@jones.net
113,Melissa,Yu,Finance,Manager,380.291.1822,heidibrown@yahoo.com
114,Christopher,Marshall,HR,Developer,439-057-9144x672,melanie13@huff.com
115,Lauren,Silva,Sales,Developer,953-686-8112x4468,zturner@jenkins-perry.biz
116,Donna,Wade,Marketing,Engineer,6948920974,tstevens@yahoo.com
117,Tabitha,Wright,Marketing,Analyst,(319)336-9830x99798,ashleyanderson@yahoo.com
118,Sara,Smith,Finance,Coordinator,+1-720-337-9724x6595,fuentesmichelle@santiago.biz
119,Julie,Gonzalez,Engineering,Developer,(995)408-7972x900,joshuayoung@gmail.com
120,Lisa,Miller,Engineering,Manager,(475)112-0843x90417,opalmer@gmail.com
121,Timothy,Cooke,Marketing,Engineer,(268)013-4877,robert33@griffith-mcgee.org
122,Michelle,Strong,IT Support,Analyst,564-594-5247x4525,kennethmoreno@yahoo.com
123,Karen,Greer,IT Support,Developer,7553742036,rebecca43@wagner.net
124,Christine,Mcconnell,Marketing,Developer,612-514-8802x58479,shanemurphy@jacobs-miller.org
125,Justin,Rivera,Engineering,Engineer,(794)952-8296x5254,ashley55@hall-davis.com
126,Taylor,Oconnor,Marketing,Manager,(590)435-7840x3299,ann65@nelson.biz
127,Ariel,Bush,Sales,Executive,972.745.7506x408,gutierrezmichaela@hotmail.com
128,Sally,Smith,Sales,Engineer,+1-002-763-8463x133,yaguirre@gmail.com
129,Linda,Wright,Sales,Executive,001-690-596-8846x280,robinsonkimberly@hotmail.com
130,Anna,Chapman,HR,Manager,+1-987-238-2381x1896,xmcconnell@gmail.com
131,Daniel,Benjamin,Finance,Engineer,375-575-9440x8311,hcampbell@yahoo.com
132,Michelle,Barber,Marketing,Executive,635.123.3874x766,pking@gmail.com
133,Cynthia,Wheeler,Sales,Manager,195.955.6421x137,emilygonzalez@schmitt.com
134,Brittany,Garner,Engineering,Manager,001-279-498-9661x6759,brandigilbert@taylor.com
135,Darren,Nelson,IT Support,Developer,+1-529-677-6727x3904,dwells@turner.com
136,Kelly,Allen,Engineering,Manager,001-065-751-7887x903,kvalencia@aguilar.com
137,John,Petty,Sales,Engineer,3332152112,qsmith@gmail.com
138,Kelly,Pierce,Finance,Manager,841.898.4060x36004,amy89@kline.com
139,Karen,Jackson,Engineering,Manager,1443858911,corey43@yahoo.com
140,Jessica,King,HR,Developer,(531)955-3585x70112,ykramer@hotmail.com
141,Antonio,Wells,IT Support,Coordinator,(241)108-2480x9597,martinezdustin@yahoo.com
142,Dustin,Lewis,Finance,Analyst,001-432-148-1983x7676,alan68@decker-scott.biz
143,Christopher,George,Engineering,Coordinator,462.629.6075,vbanks@michael-zavala.net
144,Nicholas,Velasquez,HR,Engineer,310-822-8721,fodom@gmail.com
145,Jeff,Deleon,Engineering,Manager,001-793-736-2931x6229,ibriggs@daniel-rogers.com
146,Joanne,Browning,Sales,Analyst,+1-752-563-4224,durhamkenneth@navarro-jordan.com
147,Travis,Glenn,Engineering,Engineer,374.292.6414x36774,karen58@hotmail.com
148,Cole,Jones,Engineering,Engineer,107.574.8393x924,shawn85@hotmail.com
149,Alexandra,Lowe,Marketing,Executive,(606)313-1873,cassandra82@gmail.com
150,Amy,Williams,HR,Analyst,(419)081-2432,dpierce@landry.com
151,Katherine,Collins,Engineering,Manager,394.824.5470x629,mcompton@gmail.com
152,Daniel,Perez,Finance,Manager,016-419-4811,timothy08@hotmail.com
153,Marcus,Barker,HR,Executive,489-488-6096,bankstoni@gmail.com
154,Curtis,Caldwell,IT Support,Developer,001-256-698-8875x0050,nbarnes@moore.com
155,Jessica,Robinson,HR,Coordinator,7084328614,jordan85@whitehead.biz
156,James,White,Sales,Engineer,933-233-1671x43752,nathanwilliams@hull.net
157,Michael,Ford,Sales,Developer,998.070.7332x696,mckenziemurray@cunningham.net
158,Frank,Simmons,Finance,Manager,+1-065-980-5885x8274,jon76@gmail.com
159,Samuel,Oliver,HR,Executive,(050)196-9677,jgood@yahoo.com
160,Susan,Mcgee,Marketing,Developer,001-456-137-1832x15047,mcmahonrobert@yahoo.com
161,Christine,Werner,IT Support,Developer,496.173.1161,jennifer70@gmail.com
162,Ronald,Lewis,Sales,Manager,724-644-5030,ywhite@yahoo.com
163,Michael,Murillo,HR,Executive,(896)324-3622,vhernandez@pope-case.com
164,Jennifer,Gonzalez,HR,Manager,755-631-9661x162,fmiller@yahoo.com
165,Mary,Richards,HR,Executive,216-279-8782x70969,iellison@hotmail.com
166,Amy,Reeves,HR,Manager,001-181-119-8121x9423,lopeznicole@hotmail.com
167,Michelle,Obrien,Marketing,Manager,934.961.2915x9971,christopher70@alexander.com
168,Brandy,Schmidt,Engineering,Executive,3500569020,adamlee@yahoo.com
169,Kimberly,Rivera,Engineering,Developer,001-072-500-2760x620,reedlori@yahoo.com
170,Randall,Long,Finance,Developer,6571772323,crystal43@hotmail.com
171,Victor,Castillo,Sales,Coordinator,2596863921,youngbradley@gmail.com
172,Jennifer,Jones,Sales,Manager,+1-758-297-1289,craigamy@hotmail.com
173,Jonathan,Murphy,HR,Manager,(620)977-9604x57489,iwilliams@hotmail.com
174,Jill,Smith,Engineering,Developer,(194)588-9747x122,kennethmurphy@martin-king.net
175,Joshua,Reed,Finance,Analyst,913.628.8408,jameskennedy@west.net
176,Trevor,Oconnell,Engineering,Manager,783-364-3098x5309,michelleellis@hotmail.com
177,Megan,Wilson,IT Support,Executive,373.552.0656x50021,kimberlycarr@hotmail.com
178,Laura,Dean,Finance,Manager,(466)364-4973,thomascampbell@gmail.com
179,Kenneth,Allen,Marketing,Coordinator,+1-621-426-1071x3560,smithkeith@berry-walker.com
180,Brian,Garcia,Marketing,Manager,950.827.2673x8418,hunterodonnell@hoffman.com
181,Justin,Gibbs,Finance,Executive,+1-866-773-7205x0247,mcintoshamanda@wheeler.info
182,Ronald,Long,Sales,Manager,(500)027-0601x354,sara08@salazar.com
183,Gavin,Mitchell,Engineering,Executive,001-572-143-5121x421,robertsontina@yahoo.com
184,Andrea,Pitts,Sales,Engineer,(211)376-4519,smithjoshua@becker-martinez.biz
185,Christopher,Wilson,Finance,Manager,145.738.3190x88103,qchung@yahoo.com
186,Sara,Wilcox,Marketing,Engineer,+1-574-033-0906x271,floresjohn@powell.info
187,Danielle,Kelly,IT Support,Coordinator,(876)073-6940x1925,tonyakennedy@ramsey-price.net
188,William,King,Finance,Executive,888-874-6359x447,alawson@hotmail.com
189,Matthew,Cole,Marketing,Engineer,001-534-660-8254x10869,michael02@hoover.com
190,Michael,Pitts,HR,Developer,+1-555-895-1839,robert34@yahoo.com
191,Robert,Olson,HR,Engineer,001-346-563-7007x86783,bonnie37@gmail.com
192,Dennis,Evans,Sales,Coordinator,965.832.3917x82872,mooreallison@hill.com
193,Kelly,Blake,Sales,Developer,001-684-466-5922,brandonnielsen@hotmail.com
194,David,Hawkins,HR,Developer,+1-532-030-1862,chriswise@wilson-torres.org
195,Pamela,Juarez,Marketing,Developer,(287)002-5397,nguyenlindsay@mcknight.com
196,Kevin,Conley,Engineering,Analyst,001-329-904-2714x803,lesliewatson@hotmail.com
197,Thomas,Cunningham,Sales,Engineer,(877)229-3583,thomasporter@rogers-rivera.com
198,Sara,Flores,IT Support,Manager,409.978.4753x152,xberry@bennett.biz
199,Adam,Adams,Finance,Manager,811-855-7233x6161,ptaylor@galvan.org
200,Susan,Ramsey,Marketing,Coordinator,027.931.0281,brandonjohnson@yahoo.com
201,Crystal,Bright,HR,Coordinator,571-909-8125,elizabethmoore@yahoo.com
202,Judy,Fuller,Sales,Manager,130.610.2901,hamptonsusan@hotmail.com
203,Stephanie,Rose,Marketing,Executive,636.154.6178x9474,maryalvarez@yahoo.com
204,Samantha,Foster,HR,Executive,001-616-645-1929x4467,markmorris@gmail.com
205,James,Sullivan,Engineering,Coordinator,065.259.6261x9398,kennethdaniel@gmail.com
206,Wendy,King,IT Support,Manager,(087)702-9585x3835,haleymary@yahoo.com
207,Bryan,Marquez,HR,Analyst,(884)236-8562x46161,buchanansara@harris.com
208,Christine,Graham,Sales,Developer,5221195793,willisalexandria@clark-johnson.com
209,Dana,Kelly,HR,Analyst,624-814-1048,tparrish@reynolds-woods.biz
210,Tiffany,Bean,Engineering,Developer,662-423-9635x42498,qallison@taylor.org
211,Shelly,Rodriguez,Marketing,Analyst,019.864.2271x41491,hernandezjonathan@velez.com
212,Kimberly,Hall,Sales,Manager,134-694-3261x561,ecaldwell@hotmail.com
213,Jennifer,Johnston,IT Support,Coordinator,+1-514-705-6234,klove@hotmail.com
214,Paul,Hicks,Finance,Executive,799.822.7898x0394,jtate@townsend.com
215,Carrie,Golden,Marketing,Analyst,081.641.9050,ryan87@yahoo.com
216,Mariah,Mendoza,Finance,Analyst,(932)357-2054,kingchristopher@hotmail.com
217,Natalie,Martinez,Sales,Engineer,(567)756-2321x31308,stonekara@morgan-mason.com
218,Debra,Arellano,Sales,Manager,001-782-173-6971x57148,elynch@ortiz.info
219,Michael,Cox,IT Support,Coordinator,+1-479-200-2047x545,davisgary@hotmail.com
220,Rachel,Scott,Engineering,Manager,5199012920,jennifersmith@gmail.com
221,Rebecca,Reese,Marketing,Developer,498-060-6748,kellyheath@gonzalez.com
222,Jennifer,Greene,IT Support,Manager,924.425.6921x324,molly70@stokes-clay.com
223,Megan,Payne,Marketing,Manager,514-602-5570x336,brandonrichardson@weber-taylor.biz
224,Christina,Austin,Finance,Manager,+1-329-646-9422x534,greenbrianna@yahoo.com
225,Edward,Griffith,Engineering,Developer,+1-859-764-1158x2433,greenjerry@hotmail.com
226,Jared,Rivera,Sales,Manager,001-024-892-5291,ccunningham@gmail.com
227,James,Smith,Engineering,Manager,700.535.6740,richard11@perez.info
228,Eric,Johnson,Finance,Developer,776.783.6172x79791,murrayjeremy@yahoo.com
229,Kristen,Fitzgerald,IT Support,Manager,(068)995-2283,caitlin50@mccoy.com
230,Christopher,Webb,Marketing,Analyst,001-784-701-9128,katrina61@hotmail.com
231,Lisa,Butler,Finance,Coordinator,(891)320-6511x53945,jenningsandrew@yahoo.com
232,Samantha,Jackson,Engineering,Executive,099-360-6817x8247,brandon64@gmail.com
233,James,Young,HR,Manager,5968470847,abbottjoseph@gmail.com
234,Bianca,Bishop,HR,Coordinator,+1-852-105-6845x6528,brandy29@yahoo.com
235,William,Robertson,IT Support,Manager,772-379-8903,selena71@montgomery-ewing.info
236,Charles,Hawkins,HR,Coordinator,001-765-088-5185x7654,suttoncourtney@little.biz
237,Justin,Miller,Marketing,Executive,7658882267,navarrojanet@mathews-shepherd.info
238,Joseph,Carter,Finance,Developer,+1-168-273-0450,anthonybooker@hotmail.com
239,Hannah,Jacobs,HR,Manager,(904)560-5496x6957,esmith@hotmail.com
240,April,Pena,Sales,Executive,8167517242,bwhite@hotmail.com
241,Johnny,Johnson,Engineering,Engineer,2449738953,david97@becker.com
242,Jose,Miller,Sales,Coordinator,5214260626,hudsoncarlos@turner.com
243,Makayla,Rice,Sales,Engineer,+1-173-081-1557,andersonstuart@mooney.org
244,William,Kemp,Sales,Engineer,(811)354-9816,qwolfe@yahoo.com
245,David,Moore,Engineering,Analyst,597-776-5819,abaker@wright.com
246,Crystal,Hodges,Engineering,Manager,+1-590-848-4757,ryanbryan@hotmail.com
247,Michael,Gomez,Sales,Executive,001-625-101-8312x2030,cristina55@yahoo.com
248,William,Owens,HR,Executive,001-959-982-2214x09715,cannonjames@hotmail.com
249,Sarah,Brown,Marketing,Analyst,+1-376-449-7529,rhonda18@mcconnell.biz
250,Joyce,Hernandez,Finance,Developer,125-856-2951x411,griffinpatricia@gmail.com
251,Kenneth,Cohen,Sales,Coordinator,+1-147-617-5936x8982,edwardsjeffrey@rogers.com
252,Barbara,Ortega,Marketing,Coordinator,7984277546,meghan88@gmail.com
253,Donna,Graham,Sales,Analyst,015-934-1802,jamescameron@yahoo.com
254,Tony,Pierce,HR,Engineer,236-013-1115,deborahwalker@hays.com
255,Christopher,Powers,Sales,Engineer,(829)363-3607x7162,wwilson@bautista-brooks.biz
256,Colleen,Oconnor,IT Support,Executive,091.930.7465,ujennings@hotmail.com
257,Ashley,Cunningham,Finance,Developer,(681)012-6128x46944,joshuahebert@browning.com
258,Eric,Owens,Finance,Coordinator,+1-371-972-6258x8542,kristensaunders@yahoo.com
259,Lucas,Watson,IT Support,Coordinator,+1-527-728-5473x52562,moralesjacob@hernandez.com
260,Janet,Wells,Engineering,Manager,+1-694-204-8111,carrollmark@gardner-thompson.biz
261,Alejandro,Michael,Engineering,Executive,348-059-8177,davissandra@grant.com
262,Jeremy,Henry,IT Support,Developer,702-392-7441x44633,wperez@gmail.com
263,Sara,White,HR,Engineer,928.405.8815x674,kcortez@hotmail.com
264,Rachel,Rose,Finance,Developer,755.255.8092x325,mary17@hotmail.com
265,Douglas,Sullivan,Finance,Analyst,(290)598-8780,markvincent@gmail.com
266,William,Peters,Finance,Manager,(439)410-4843x134,lewisrichard@lane.org
267,Scott,Miller,Finance,Executive,001-802-782-6234x797,kennethrose@hotmail.com
268,Frederick,Clark,Marketing,Manager,640-980-2796x1209,scott16@hotmail.com
269,Felicia,Nicholson,Sales,Analyst,+1-221-193-8777x92400,austin77@beck.com
270,Maria,Young,HR,Coordinator,3688323019,mikehouston@hotmail.com
271,Zachary,Wheeler,IT Support,Engineer,9914453736,gonzalezsarah@gmail.com
272,Julia,Bryant,IT Support,Analyst,(147)818-8353x20153,marybooth@chapman.org
273,Jerry,Stewart,IT Support,Developer,+1-417-838-7496x57510,jamiemaldonado@johnson.com
274,Angela,White,Finance,Analyst,001-855-130-2108,luke39@hotmail.com
275,Ashley,Underwood,HR,Manager,387-693-5744,mmassey@yahoo.com
276,Megan,Evans,Finance,Manager,541-367-7313,william82@terry.com
277,Joseph,Moore,Sales,Manager,(174)552-0417x343,nicole10@gmail.com
278,Erin,Mcdaniel,Sales,Executive,+1-658-611-7548x11072,vincentdaniels@hale.com
279,Aaron,Williams,IT Support,Analyst,6843015681,ebrown@king-hart.com
280,Emily,Villarreal,HR,Manager,001-015-331-8901x022,elizabeth08@gmail.com
281,Kevin,Lopez,Engineering,Developer,(504)413-0155x3327,phillipsjessica@carter.com
282,William,Jones,Marketing,Coordinator,(032)263-0422,freemanhannah@cooper.com
283,Jennifer,Walsh,Marketing,Coordinator,0677931631,robinbeasley@martinez.biz
284,Michelle,Golden,Marketing,Developer,(338)849-6872x74408,johnsnyder@lucas.com
285,Ashley,Tanner,Marketing,Developer,8553629742,juliabenitez@yahoo.com
286,Jessica,Torres,Marketing,Engineer,(000)032-9658,cpierce@spencer-ross.com
287,Jeffrey,Tran,Sales,Executive,640.047.8791,williamgraves@yahoo.com
288,Jessica,Baker,HR,Developer,9674354792,kimberly07@hotmail.com
289,Brett,Summers,Sales,Coordinator,663.788.8608x26621,qwilliams@hotmail.com
290,Donald,Rodriguez,Sales,Executive,001-101-227-3827x2922,pamela99@hotmail.com
291,Ronald,Ortiz,Marketing,Analyst,(026)618-5151x8940,fmitchell@johnson.net
292,Becky,Nelson,Sales,Engineer,001-527-639-1594x5628,hray@preston.com
293,Heather,Mckee,Finance,Manager,361.726.6218,ffoster@gmail.com
294,Steven,Coffey,Sales,Engineer,(389)263-4086,kylesmith@hotmail.com
295,Todd,Lozano,Sales,Analyst,001-991-927-0537x377,andre54@stokes-garcia.biz
296,Linda,Mcconnell,Sales,Manager,048-855-2403x35619,paul65@yahoo.com
297,Justin,Thomas,HR,Coordinator,5748136820,keith07@johnston.info
298,Charles,Smith,Marketing,Manager,(578)955-5897x892,qnunez@gmail.com
299,Erin,Miller,HR,Engineer,836-878-0173x7678,wchandler@figueroa.net
300,David,Walker,HR,Engineer,(210)351-5653,april56@green.com
301,Renee,Stephens,Sales,Developer,+1-248-698-4997,hoconnor@miller-williams.com
302,Sandra,Higgins,Engineering,Analyst,661-768-0444x09873,sanderskayla@gmail.com
303,Alexa,Williams,IT Support,Executive,122-513-0481x6373,ronaldsmith@johnson.com
304,Lauren,Alexander,Sales,Developer,187-951-5953,cordovaharold@hotmail.com
305,Mary,Diaz,Marketing,Manager,234.957.2383x17341,hogancharles@marquez-perez.com
306,Bonnie,Wolf,Finance,Coordinator,+1-622-037-5324x550,nguyendeborah@atkins-miller.com
307,Daniel,Cooke,Sales,Engineer,+1-895-869-0196,andersongregory@yahoo.com
308,Alexander,Leonard,Finance,Executive,001-115-908-0288x6973,simmonsroy@perkins.com
309,Juan,Sharp,Engineering,Developer,+1-332-276-0151x7134,joseph85@castro.org
310,Joseph,Rodriguez,Finance,Developer,001-091-758-0792x27148,jennifer91@gallegos-stevenson.com
311,Michelle,Horton,Marketing,Coordinator,866-111-5229,nmartin@hotmail.com
312,Kathryn,Hickman,Engineering,Manager,818.133.3580x89837,cynthia78@gmail.com
313,Jennifer,Wallace,Engineering,Manager,+1-605-278-8049x80130,ldominguez@hotmail.com
314,Tiffany,Myers,Marketing,Engineer,179.028.6005,marksjimmy@fernandez.org
315,Jennifer,Meyers,IT Support,Developer,001-055-094-7646x9261,rnichols@smith.biz
316,Sharon,Lopez,HR,Engineer,293-315-2154x9396,vmoran@stewart.com
317,Daniel,Dixon,Finance,Analyst,001-158-773-9486x75884,monique33@carrillo.com
318,Michele,Lawson,Marketing,Engineer,001-903-961-2008,aboyle@yahoo.com
319,Travis,Mitchell,Sales,Coordinator,180.830.8539,andrewnorton@hotmail.com
320,Sharon,Madden,Engineering,Executive,(097)342-2610x96780,xhuerta@hotmail.com
321,Michael,Ray,Engineering,Manager,001-935-945-8978x736,pdaniel@king-ward.com
322,Tyler,Stewart,Marketing,Engineer,682.521.0423x864,jonathan28@lester.com
323,David,Osborne,HR,Coordinator,(885)447-0762,osummers@hotmail.com
324,Stephanie,Ferguson,Engineering,Coordinator,135.857.5990x50343,christopher02@hancock.com
325,Kimberly,Martinez,Engineering,Coordinator,+1-194-049-1148,christopherramirez@yahoo.com
326,Thomas,Smith,IT Support,Executive,041-236-4785,barnesbradley@gmail.com
327,Steven,Lewis,Finance,Manager,(415)694-7460,acostajoshua@rodriguez.com
328,Victoria,Watts,Marketing,Executive,001-718-377-0798x82748,ryan47@gmail.com
329,Christine,Evans,IT Support,Analyst,+1-335-916-5015,vjackson@yahoo.com
330,Kelli,Gomez,Engineering,Engineer,357.901.3064x635,obrienmichael@gmail.com
331,Ann,Harvey,Engineering,Manager,001-613-275-3606,lindablevins@vincent-blackburn.com
332,Tracy,Arnold,HR,Executive,283-829-9110,pcooper@brown.com
333,Danielle,Cochran,IT Support,Analyst,264-668-9348,xdaniel@gmail.com
334,Heather,Myers,Marketing,Analyst,(703)034-8143,betty51@thompson.com
335,Michael,Hall,Finance,Analyst,(428)378-6035x05555,tinakrause@hotmail.com
336,Elizabeth,Aguilar,IT Support,Manager,(484)449-6699x67211,plee@yahoo.com
337,Holly,Spencer,HR,Executive,+1-611-900-3216x61650,kristenjones@gmail.com
338,Brian,Thompson,IT Support,Executive,001-569-181-6725x323,howardmichael@gmail.com
339,Mackenzie,Coleman,IT Support,Coordinator,001-688-978-5334x948,duffydennis@zhang-gutierrez.com
340,Wendy,Martinez,HR,Developer,001-661-941-8787x25337,lnelson@yahoo.com
341,Zachary,Kennedy,Sales,Analyst,(628)745-0681,nicolekrause@hotmail.com
342,Steven,Arroyo,Finance,Analyst,+1-740-411-4648x764,gwilliams@yahoo.com
343,Michelle,Peck,Engineering,Developer,154-520-2885,lowemichael@weeks-smith.com
344,Meghan,Palmer,Sales,Developer,001-103-695-7513x8997,michael62@hotmail.com
345,Jennifer,Barajas,Engineering,Manager,979.273.5062x36071,hamptonpatrick@yahoo.com
346,Lori,Brady,Engineering,Executive,734-573-8557x22214,reevessamuel@spencer-anderson.com
347,Robert,Steele,Finance,Executive,+1-211-962-4434x202,allenjenna@leach.com
348,Gregory,Campos,Engineering,Developer,001-409-894-6647x586,armstrongkelly@smith.com
349,Martin,Petty,Engineering,Executive,(763)803-8717x30249,richard51@rocha-jones.com
350,Gerald,Horton,Finance,Developer,(322)400-9879x28398,kingcatherine@hotmail.com
351,Angelica,Gardner,Engineering,Executive,999-211-4944x25171,frederickwright@williams-stone.info
352,Dustin,Hernandez,Sales,Manager,(636)664-1545,joseph85@yahoo.com
353,David,Reed,Sales,Engineer,(023)308-4885x64158,perezjanice@burke.com
354,Dennis,Hughes,Sales,Analyst,+1-097-975-7123,anthonysmith@yahoo.com
355,Kevin,Allen,HR,Analyst,001-035-695-0081,noahreed@gmail.com
356,Stacy,Gilbert,HR,Manager,705-067-6228x399,burnsmichael@gmail.com
357,Laura,Holloway,Finance,Analyst,419.599.9269x2266,james33@ramos-simon.com
358,Lori,Richardson,Engineering,Analyst,635-384-9819x26771,morrisdevin@nguyen.com
359,Wendy,Hernandez,HR,Analyst,+1-447-404-4574,raymond13@yahoo.com
360,Mary,Juarez,IT Support,Executive,303-510-4571x11994,morganclark@butler-cameron.com
361,Natalie,Watson,Engineering,Executive,0600759754,goldendesiree@valdez-ross.com
362,Suzanne,Davis,Marketing,Engineer,(431)095-8165x7437,mariachandler@yahoo.com
363,Brian,Hunt,Marketing,Engineer,914.658.7585x483,harrisjennifer@stevens.com
364,Stacey,Williams,HR,Developer,+1-652-215-3223,yvonne44@yahoo.com
365,Patricia,Perez,Engineering,Developer,263-044-9406x62499,powellheather@daniel.org
366,Dawn,Huber,HR,Developer,729.724.2386,kevin64@yahoo.com
367,Tracy,Bryan,IT Support,Executive,963.496.2980x7625,lee77@yahoo.com
368,Sandra,Anderson,Finance,Coordinator,(686)077-0214x705,donna76@hotmail.com
369,Holly,Johnson,Sales,Coordinator,001-220-737-7050x1844,maxwell39@riley-smith.com
370,Andrew,Carlson,Sales,Engineer,058.115.0973,sandramullins@gmail.com
371,Heather,King,IT Support,Analyst,(589)231-0447,pconrad@clark-berry.com
372,Tyler,Hughes,Engineering,Manager,+1-980-874-8043x688,tdean@gmail.com
373,Randy,Ford,IT Support,Engineer,250.126.4927x019,julia93@hotmail.com
374,Vincent,Roberts,Sales,Engineer,180-127-3869x2938,mariahvazquez@rodriguez-gordon.com
375,Joseph,Wolfe,HR,Executive,172.704.0332,mgonzalez@smith-stone.net
376,Gary,Collins,Finance,Analyst,(154)540-8132,jamessloan@gmail.com
377,Derrick,Mills,Sales,Manager,276-983-0425,shawnortiz@yahoo.com
378,Christine,Morales,Sales,Analyst,481-103-2527,ebrown@price-phillips.com
379,Ronald,Clark,Marketing,Analyst,510.115.0246x8500,lambertjustin@hotmail.com
380,Patricia,Olson,IT Support,Engineer,001-866-739-2905,zanderson@jimenez.com
381,Amy,Jackson,Engineering,Developer,+1-816-437-7846x75197,kenneth36@gmail.com
382,Jasmine,Wright,Sales,Manager,(820)657-7220,gardneremily@simon.info
383,Jenna,Schwartz,Marketing,Engineer,(732)798-7431x867,ayersdillon@joseph.com
384,Jeanne,Webb,Finance,Executive,693.000.1311,kenneth62@yahoo.com
385,Thomas,Campbell,Finance,Manager,486.360.9230,angela53@gmail.com
386,Dominique,Cook,Marketing,Executive,428.004.0586x59658,andersonrichard@yahoo.com
387,Emma,Smith,IT Support,Coordinator,+1-823-631-2201x69252,alan50@gmail.com
388,Cory,Lopez,Engineering,Coordinator,(467)302-4882,john03@thomas-perez.com
389,Karen,Shelton,Marketing,Coordinator,(466)182-6880x315,garycraig@hotmail.com
390,Ryan,Gomez,Sales,Executive,001-895-754-4590,hjackson@yahoo.com
391,Christy,Miller,Finance,Manager,+1-660-692-8283x49011,tracy23@george.biz
392,Jenny,Anderson,Sales,Manager,7410044747,julie22@campbell.com
393,Samantha,Cooley,Marketing,Executive,6215915807,lisaowens@freeman.com
394,Dawn,Turner,Finance,Developer,1602709321,amandaperkins@gmail.com
395,Anthony,Ellis,Finance,Developer,4526400003,grahamlauren@yahoo.com
396,Christopher,Carroll,Engineering,Executive,001-092-374-0329x11968,zbenson@hampton.biz
397,Cindy,Anthony,Sales,Engineer,+1-044-222-5311,jonesmichael@griffith-taylor.info
398,Mary,Miranda,Engineering,Developer,635.510.4817,kimberly21@yahoo.com
399,Lauren,Wilcox,IT Support,Coordinator,001-283-928-9449x6689,melissahamilton@weber-crawford.org
400,Donna,Jackson,Sales,Analyst,(533)651-3360,alexanderwright@green.com
401,Michael,Anderson,Sales,Executive,169-548-3335x9100,sbarrett@roberts-hatfield.com
402,Thomas,Simmons,Engineering,Coordinator,(059)812-6323,jason39@robles.com
403,Megan,Sanchez,Finance,Manager,001-635-592-7586,zkoch@gmail.com
404,Jennifer,Rodriguez,Sales,Coordinator,4731363437,barrymichael@yahoo.com
405,Stephanie,Smith,Finance,Coordinator,(794)282-8694x281,carterelijah@caldwell-cochran.net
406,Melissa,Riddle,Finance,Manager,984.172.9434x7249,jamesdominguez@hotmail.com
407,Daisy,Bautista,Marketing,Manager,8930923740,adamzhang@hall.com
408,Phillip,Ware,HR,Executive,001-198-361-3418x9373,iwoods@wilkerson.com
409,Katherine,Barrett,IT Support,Engineer,+1-964-770-1201x500,garciajohn@kramer.com
410,Connor,Case,Sales,Engineer,7055037729,ldunlap@tucker.info
411,Pamela,Cook,IT Support,Analyst,689.582.7363x198,durhamangela@yahoo.com
412,Brittany,Montgomery,Finance,Developer,6546435449,susangonzalez@brooks.org
413,Gregory,Snyder,Finance,Engineer,(878)564-6491,fgonzales@carroll-rogers.com
414,Vicki,Flowers,Sales,Executive,842.115.2592,morrisonbryan@gmail.com
415,Andrea,Jones,Engineering,Executive,365-531-3089x3032,perryjennifer@hotmail.com
416,Gregory,Wright,Finance,Executive,029-334-0558x556,alexandranicholson@moore-herrera.com
417,Vincent,Reynolds,Finance,Manager,001-253-410-3136,scott07@hotmail.com
418,Elaine,White,Marketing,Coordinator,630-212-9587x382,seanwilliams@yahoo.com
419,Sara,Adams,Finance,Engineer,696.396.1695x078,joseph70@johnson.biz
420,Susan,Carroll,Marketing,Manager,+1-168-389-1312x2009,lisasanford@yahoo.com
421,Maria,Bean,Engineering,Developer,001-127-806-7253x391,carldodson@gmail.com
422,Matthew,Franklin,Marketing,Analyst,001-562-815-7572x1879,christophercarson@schwartz.com
423,Derrick,Church,Engineering,Coordinator,001-702-948-0974x93243,matthewhanson@gmail.com
424,Clinton,Branch,Finance,Engineer,+1-020-869-7829x298,crawfordcameron@yahoo.com
425,Robert,Thomas,Finance,Engineer,175.831.4145,jeffrey58@yahoo.com
426,Leslie,Johnston,Sales,Engineer,0020597038,michelle44@murphy.com
427,Brenda,Rodriguez,Marketing,Executive,733-328-5171,burkekyle@leonard.com
428,Jamie,Webster,Marketing,Developer,001-898-367-7525x876,kimberly68@hotmail.com
429,Kenneth,Torres,Sales,Manager,001-456-277-4007x540,gshepherd@roman-howell.com
430,Brenda,May,IT Support,Developer,001-731-316-9046x4054,jennifer45@yahoo.com
431,Diane,Gonzalez,Engineering,Executive,001-297-453-8833x320,allenosborne@mitchell.com
432,Mark,Ellis,Sales,Executive,(639)285-3630,millerfrances@gmail.com
433,Rebekah,Conley,IT Support,Engineer,+1-676-918-3588x9833,dknox@gmail.com
434,Amanda,Goodman,HR,Coordinator,+1-988-418-7519x4977,kimgarza@yahoo.com
435,Elaine,Clark,HR,Engineer,+1-445-963-0521x5182,michael25@yahoo.com
436,Travis,Myers,Finance,Manager,174.430.2143,fpowers@johnson-duffy.com
437,Jennifer,Fields,Sales,Analyst,744-491-4727,kimberly08@harrell.com
438,Janice,Morrison,Marketing,Engineer,+1-791-153-7640x866,william27@perez.com
439,Edward,Waller,HR,Engineer,919-231-4282,laurencole@gmail.com
440,Lauren,Howard,Marketing,Manager,(667)875-9692x643,rosslee@lewis-perkins.com
441,Albert,Weeks,Engineering,Engineer,+1-394-824-5720x744,joanntucker@davis-allen.com
442,David,Jones,IT Support,Executive,338.803.8859,moonmichael@ortiz-cook.info
443,Cynthia,Leon,Marketing,Coordinator,001-254-158-9556x5361,kristina28@reid.net
444,Christine,Payne,Engineering,Analyst,048.917.2067x85274,aandersen@yahoo.com
445,Tonya,Gibbs,Marketing,Coordinator,386-566-5748x460,bkhan@martinez.com
446,Amanda,Williams,IT Support,Manager,+1-030-447-2113x397,frederickdean@hernandez.org
447,Christine,Lee,Finance,Developer,516.983.0259x21348,gabriellewillis@hotmail.com
448,Philip,Russo,Finance,Executive,001-481-535-6737x168,benjamindavis@fields.info
449,Alejandro,Moore,Engineering,Developer,029.201.5991,jameswilliams@yahoo.com
450,Tammy,Garcia,Engineering,Manager,001-171-533-3358,connorbyrd@gmail.com
451,Aaron,Hancock,Marketing,Developer,6290099297,andreaguzman@gmail.com
452,Amber,Perez,Marketing,Engineer,6704725809,carolynbecker@brewer.info
453,John,Robertson,IT Support,Analyst,913-770-4659,leah84@james.com
454,Shane,Moore,IT Support,Developer,+1-994-881-8905x1330,richard34@gmail.com
455,Kimberly,Martinez,Finance,Coordinator,071.845.2902x4829,seanrussell@townsend-bolton.net
456,Danielle,Peterson,Marketing,Engineer,469.711.7478,karenscott@gmail.com
457,Jasmine,Johnston,Finance,Developer,001-250-339-9218x543,bishopjulie@hotmail.com
458,Natasha,Smith,Engineering,Coordinator,+1-047-669-1224x68461,peterhinton@osborne.com
459,James,Gordon,IT Support,Engineer,+1-178-927-5324x4777,wilsonfrederick@blevins-pittman.com
460,Jerry,Maldonado,Marketing,Manager,(135)357-5733x71491,bmclean@yahoo.com
461,Jacqueline,Lambert,Marketing,Analyst,(562)536-2927,silvaedward@nichols-perez.info
462,David,Garcia,Marketing,Manager,+1-758-232-5055,elizabeth71@gmail.com
463,April,Moore,Sales,Manager,(197)248-0116,marthamalone@phillips.com
464,William,Preston,Engineering,Executive,8336259632,michael61@davis.info
465,Douglas,Kelley,IT Support,Manager,+1-570-222-9968x0542,martinmorris@gmail.com
466,Megan,Hobbs,Engineering,Coordinator,2557339921,tfowler@vargas.com
467,Amy,Carter,HR,Analyst,(318)026-0971x0066,michael13@reed.net
468,Lisa,Lee,HR,Executive,421.275.8926,jamesnancy@lee.com
469,Wanda,Murray,Engineering,Analyst,285-496-2544,harrisemily@gmail.com
470,Tiffany,Walker,Engineering,Manager,+1-435-186-9596x4775,michelegreer@castillo-cochran.org
471,James,Barron,HR,Executive,+1-119-464-8347x44109,ewilliams@yahoo.com
472,Kelly,Duncan,Finance,Coordinator,(257)642-5611x9844,stephensmith@castillo.com
473,Shane,Kemp,Finance,Manager,673-397-7428,kristina56@fletcher.com
474,Barbara,Duke,Sales,Developer,778.892.0894x8066,sabrinakirk@yahoo.com
475,Bridget,Alvarado,Finance,Executive,495.007.8096x79034,timothy50@hotmail.com
476,Cynthia,Proctor,Sales,Analyst,(510)206-2439x3835,taylorkevin@lawrence-boyd.net
477,Erica,Conner,Finance,Executive,(446)780-5186x4802,jonesbobby@graves.com
478,Robert,Floyd,HR,Analyst,(549)903-5486,smithlucas@brennan.biz
479,George,Gates,IT Support,Executive,001-442-486-8322x7405,palmermario@yahoo.com
480,William,Garcia,Sales,Engineer,(075)132-1703x456,johnsonscott@gmail.com
481,Karen,Cooper,Marketing,Manager,001-644-211-2583x8422,whiteanthony@french.org
482,Tyler,Schwartz,Engineering,Engineer,001-095-819-3825,ryanmichael@bryant.com
483,Jennifer,Mathews,IT Support,Coordinator,001-889-823-8240x19961,jessicamartinez@gmail.com
484,Jasmine,Patterson,Marketing,Manager,5568113579,alvaradomarc@pacheco.com
485,Laura,Marshall,Finance,Coordinator,398-622-8147x655,lesliejackson@hotmail.com
486,Joshua,Salazar,Engineering,Analyst,333-013-7851x6845,kristaneal@tyler-hancock.info
487,Joseph,Murray,IT Support,Analyst,663-495-6149x85439,craig25@yahoo.com
488,Deborah,Jordan,Sales,Analyst,6545529393,bradley20@yahoo.com
489,Caroline,Juarez,Sales,Engineer,443-196-6923x8295,nunezmelinda@yahoo.com
490,Jonathan,Montoya,Engineering,Coordinator,542.133.0241,jennifer36@yahoo.com
491,Kathleen,Mcdaniel,IT Support,Engineer,001-335-045-7369x4210,parkerkatherine@hotmail.com
492,Daniel,Mcmillan,Engineering,Engineer,001-927-565-4923,davidhunter@griffin.com
493,Amber,Davis,HR,Manager,908.217.5366,bryantmichele@hopkins.biz
494,Sheila,Yates,Engineering,Coordinator,(696)756-5158,rodriguezjoe@sullivan-edwards.com
495,Derrick,Smith,Finance,Developer,(374)793-1592x328,ischmitt@brown.com
496,Marissa,Shelton,Sales,Analyst,+1-805-176-6775x992,wcarter@johnson.com
497,Wendy,Hanson,Marketing,Developer,5993681709,turnerpaul@wood-walker.org
498,Brian,Peterson,HR,Executive,(659)323-9390x09348,daniel45@yahoo.com
499,Wesley,Kelly,Finance,Analyst,+1-244-584-7211x434,jennifermitchell@giles.com
500,Melissa,Suarez,Finance,Analyst,0183973361,tsmith@hunt.com
501,Christine,Johnson,HR,Engineer,5051992709,ecampbell@hotmail.com
502,Jonathan,Watson,HR,Executive,109-747-2985x8820,jamesmartin@hotmail.com
503,Todd,Hines,Finance,Manager,767-127-8177,lnicholson@meadows.com
504,Gabriel,Barnett,HR,Manager,+1-566-983-9183x2474,douglaslong@hotmail.com
505,Richard,May,IT Support,Developer,(539)748-0899,zachary93@howell-rodriguez.com
506,Jared,Anthony,Finance,Developer,410.784.2071x38076,lbernard@hotmail.com
507,Gerald,Hebert,IT Support,Coordinator,214-481-5908x053,cpeters@yahoo.com
508,Jennifer,Shaffer,Finance,Coordinator,(645)193-2357x68452,davisbrandi@hotmail.com
509,Paul,Cook,Engineering,Executive,+1-631-623-5993x925,logan55@matthews-davis.net
510,Alex,Bridges,Finance,Analyst,(838)421-5675,jeffery10@hotmail.com
511,Matthew,Reilly,Engineering,Engineer,037.978.3621,dunnanna@yahoo.com
512,Lori,Brown,Marketing,Executive,+1-060-744-4878x06070,paula53@ross-perry.com
513,Luis,Johnson,Finance,Analyst,+1-541-873-9284x461,laurie67@hansen-miller.com
514,Katelyn,Tucker,Finance,Executive,045.931.3506x65962,zacharymoody@gmail.com
515,Michelle,Jackson,Finance,Analyst,322-005-2015x26331,josephmathis@hotmail.com
516,Karen,Campbell,Finance,Manager,869-693-7109,briansmith@bennett-smith.net
517,Kimberly,Nicholson,Finance,Executive,474-069-7358x64176,suzannehorton@gmail.com
518,Vanessa,Smith,Marketing,Engineer,(488)239-2578x8498,klawrence@hotmail.com
519,Brittany,Garcia,Marketing,Executive,(355)455-6124x70829,derekcosta@williams-vincent.net
520,Wanda,Frazier,Sales,Analyst,+1-204-492-0919x0017,olsonwhitney@hotmail.com
521,Tyler,Kelley,Engineering,Executive,595.685.7586x3022,steven53@norton.biz
522,Heather,Smith,IT Support,Engineer,5621225348,lisa04@clark.org
523,Jose,Craig,Marketing,Developer,(783)867-7611x126,lesliegray@yahoo.com
524,Megan,Hinton,Marketing,Manager,116.532.5573x92050,lewisjennifer@odonnell-price.net
525,Elizabeth,Sanchez,HR,Analyst,223-449-8023x143,fsalazar@johnston.com
526,Jorge,Stewart,Finance,Executive,132-919-3051x4466,meghan18@smith-banks.com
527,Eric,Leonard,Finance,Analyst,001-327-095-5523x878,adrian26@hotmail.com
528,George,Scott,HR,Engineer,001-988-760-0619x793,jerryreyes@sanchez.com
529,Susan,Parker,Finance,Manager,9198369273,gregory62@smith.com
530,James,Smith,IT Support,Analyst,+1-856-001-5606x7051,wilsontimothy@gmail.com
531,Shawn,Cuevas,Engineering,Developer,418.809.9986x722,millerbrian@yahoo.com
532,Sarah,Melendez,Sales,Developer,(589)978-9328x9332,phillipsmargaret@yahoo.com
533,Hunter,Miller,Sales,Manager,125.994.2243x45830,glopez@gmail.com
534,Ashley,Navarro,IT Support,Analyst,741-962-8976,sheawillie@yahoo.com
535,Cynthia,Brown,Finance,Analyst,001-274-308-8495x81788,kathleenbaker@walker.biz
536,Jessica,Walton,Sales,Coordinator,(729)269-6278,jnelson@hotmail.com
537,Angela,Young,Marketing,Engineer,(459)045-5339x720,russelltiffany@powell-moore.com
538,Carrie,Calhoun,Sales,Engineer,648-320-7959x8420,derekhart@porter-shaw.com
539,Nicole,Webb,Marketing,Coordinator,4286084291,edwardsamy@gmail.com
540,Evelyn,Wood,Sales,Developer,001-767-481-8138,charlesyoung@rose-edwards.org
541,Erin,Nolan,Marketing,Coordinator,864-616-7526x6139,hcole@gmail.com
542,Denise,Thompson,Marketing,Executive,(636)950-7301,allison64@gmail.com
543,Brandi,Ramos,Engineering,Developer,032-723-9503,qschmidt@hotmail.com
544,Stacey,Cooper,Engineering,Analyst,001-614-109-9018x0515,markmartin@kim.com
545,Jacob,Williams,Engineering,Engineer,+1-779-102-8124x8203,lukemitchell@yahoo.com
546,Alex,Gonzales,IT Support,Analyst,385.403.8199,mbennett@yahoo.com
547,Danny,Zavala,Marketing,Manager,001-113-039-3021x35949,ngarcia@martinez-jennings.com
548,Kendra,Mcdonald,HR,Analyst,001-265-817-6791x180,vgonzalez@gmail.com
549,Kenneth,Torres,Engineering,Manager,(721)906-6524x872,hugheswilliam@yahoo.com
550,Faith,Frye,Marketing,Engineer,8891024389,tiffanybaker@hotmail.com
551,Amy,Nunez,Engineering,Engineer,849-515-2901x9403,sdickson@davis.com
552,Craig,Riley,HR,Analyst,5611605986,tiffanywilliams@ramirez.net
553,James,Patel,Engineering,Coordinator,429.231.4178x63832,seangordon@gmail.com
554,Heather,Rosales,HR,Analyst,832-068-8739x5743,riddlesherry@yahoo.com
555,Sandra,Henry,IT Support,Engineer,+1-305-595-8839,whitakerwilliam@gmail.com
556,Valerie,Hubbard,Marketing,Executive,+1-696-193-5030x6117,ericedwards@bradford-holmes.net
557,Robert,Beck,IT Support,Developer,(972)963-9144x948,michaelphillips@gmail.com
558,Melissa,Lewis,HR,Engineer,+1-219-952-4060,ortizvalerie@gmail.com
559,Susan,Alvarado,Marketing,Manager,131.873.8178,valdezashley@yahoo.com
560,Jeffery,Mills,HR,Coordinator,071-892-1679,brittanyelliott@ellis-miller.com
561,Marcus,Allen,Engineering,Engineer,055.335.4723,gjackson@perry-price.org
562,Larry,Williams,HR,Manager,001-058-494-8457x000,nicholaswheeler@hotmail.com
563,Robert,Price,Sales,Engineer,854-844-0706x73054,ashleyfrench@hotmail.com
564,Bryan,Mcdonald,Sales,Developer,727-238-3968x3030,tmarshall@burton-calhoun.biz
565,Alexander,Munoz,Sales,Coordinator,+1-556-844-7031x5961,blairkelli@mcknight.com
566,Gregory,Parker,Engineering,Analyst,(564)273-7485x80940,shawn80@yahoo.com
567,Anne,Jones,Marketing,Engineer,(725)887-9432x3269,stephanielynn@hotmail.com
568,Erica,Wagner,IT Support,Developer,+1-794-983-5644,yriley@yahoo.com
569,Oscar,Powell,Marketing,Coordinator,001-590-061-7052x2391,ritterwillie@yahoo.com
570,Tiffany,Byrd,IT Support,Executive,574-291-2634,caitlynfitzpatrick@martin-young.com
571,Samuel,Williams,HR,Engineer,8368971729,mjohnson@williams.info
572,Brittany,Castillo,Engineering,Coordinator,641.006.8653x674,christinabell@cook.com
573,Kelly,Martinez,IT Support,Executive,+1-156-482-5515,morganbenjamin@carr-alvarado.com
574,Tanya,Harris,Finance,Engineer,381-015-0170x22705,slopez@clark-larsen.info
575,Jeremy,Aguilar,Sales,Analyst,001-268-622-6257,fbailey@hicks.net
576,Jamie,Jones,Finance,Analyst,329-783-3985,xcastillo@yahoo.com
577,David,Cardenas,Marketing,Manager,+1-711-056-7339x186,frank23@michael.com
578,Taylor,Poole,HR,Executive,930.478.5093x27246,emilytaylor@herrera.net
579,Donna,Edwards,Finance,Analyst,231-028-9576x38827,danielle08@gmail.com
580,Andrea,Williams,Engineering,Developer,4953933593,anne25@smith-hughes.com
581,John,Downs,IT Support,Manager,(080)764-6832,edwardwatson@gmail.com
582,Lisa,Rose,Finance,Executive,001-832-779-6975x741,sara03@hotmail.com
583,Paul,Smith,IT Support,Developer,(105)553-7954x530,ashleyford@hall.com
584,Teresa,Russell,Finance,Executive,(469)698-0445x28922,sharon53@martinez.com
585,Deanna,Johnson,Sales,Executive,(925)620-6742x86662,jerryschwartz@smith.net
586,Denise,Howard,Marketing,Manager,(028)470-0413x9187,stacie47@gomez.com
587,Charles,Gross,Marketing,Coordinator,(335)119-7537x391,olsensamuel@gmail.com
588,Ricardo,Williams,IT Support,Coordinator,953.429.5959x167,mclaughlinsean@gmail.com
589,Stephanie,Hill,Marketing,Executive,8187051034,lmartin@carney.com
590,Anthony,Moore,IT Support,Developer,917-048-3231x693,qmorales@davis-fernandez.net
591,Jon,Miller,Sales,Coordinator,(471)792-9929x874,paulawilson@hotmail.com
592,Julie,Ray,Sales,Developer,(974)374-3504x76074,caroline18@robinson.com
593,Tiffany,Medina,Sales,Engineer,572.083.5043x2147,christine54@hotmail.com
594,Sara,Coleman,IT Support,Coordinator,001-094-049-4349x784,john08@strong.biz
595,Jonathon,Richardson,IT Support,Engineer,752-463-2903,josephdurham@gmail.com
596,Tara,Fuller,Marketing,Analyst,(244)109-9300x344,kbriggs@hotmail.com
597,Brenda,Bush,Sales,Executive,001-555-088-5668x305,mroberts@yahoo.com
598,Sarah,Carroll,Marketing,Coordinator,(024)980-1471x1010,jonathan59@alexander.info
599,Julie,Hicks,Marketing,Coordinator,001-332-655-5418x537,rdiaz@johnson.com
600,Kevin,Henry,Marketing,Coordinator,+1-239-911-4627x091,robert63@martinez-orozco.com
601,Susan,Arnold,IT Support,Executive,+1-386-800-4663x0054,eobrien@brown-brewer.com
602,Lori,Gutierrez,Finance,Engineer,082-982-4729,katherinefoster@hurst.com
603,Aaron,Tyler,IT Support,Engineer,2177147143,richardreynolds@yahoo.com
604,Bernard,Frey,Finance,Analyst,636-331-6461,amanda75@gmail.com
605,Walter,Chambers,Engineering,Coordinator,806-066-5582x264,teresabrown@monroe.com
606,Elizabeth,Moore,Marketing,Manager,001-954-941-4985,hernandezjose@yahoo.com
607,Michael,Wood,Sales,Coordinator,+1-884-896-1753,uoconnor@yahoo.com
608,Todd,Thompson,Sales,Developer,001-532-096-2346x976,deanna11@fuller-sutton.com
609,Margaret,Williams,HR,Analyst,001-025-801-6856,ekim@huffman.com
610,Shane,Dodson,Engineering,Developer,(980)336-4542,alexandra09@hotmail.com
611,Cynthia,Griffith,Marketing,Developer,+1-468-699-5832x3695,melissa74@campbell-casey.net
612,Christina,Smith,Finance,Executive,230.901.8347x80988,twashington@gmail.com
613,Timothy,Tyler,Engineering,Executive,745-571-3259,mcdanielhenry@coleman.com
614,Angela,Grant,IT Support,Engineer,1706431587,hudsonerica@lucas.com
615,Arthur,Rush,Engineering,Executive,+1-357-757-5826x4279,wolfrachael@hotmail.com
616,Michael,Lewis,Finance,Executive,(757)728-4647x5451,hurstmark@massey.info
617,Tammy,Cabrera,Finance,Manager,5703209940,emily38@wilkinson-young.net
618,Jacob,Williams,IT Support,Manager,(518)931-7776x39146,inewman@carpenter.com
619,Jacob,Miller,HR,Engineer,+1-913-875-1778x52536,douglas03@hotmail.com
620,Kelli,Gill,Sales,Manager,804.274.7192,eugenerogers@gmail.com
621,Steven,Lee,Sales,Developer,001-715-072-0142x056,alicia12@martinez.net
622,Tyrone,Christian,Sales,Developer,344-950-5405,patricia69@gmail.com
623,Jennifer,Bennett,Sales,Engineer,245.123.2859,cookalexandria@yahoo.com
624,Raymond,Quinn,Sales,Manager,113-069-1764x83173,robert74@gmail.com
625,Jessica,Wheeler,HR,Analyst,5624136513,jjackson@hotmail.com
626,Sean,Thompson,Sales,Coordinator,722-668-8899,robert61@yahoo.com
627,Mathew,Santiago,Marketing,Analyst,(622)603-5367x1143,whitemark@hotmail.com
628,Margaret,Munoz,IT Support,Engineer,(735)334-7013x922,aaron91@medina.net
629,Andrew,Smith,Sales,Coordinator,001-279-426-1763,zachary95@hotmail.com
630,Connie,Smith,Engineering,Engineer,1274079731,kwebster@harrison-adkins.com
631,Lindsey,Hale,Engineering,Engineer,650.543.3779x3687,markjones@hudson-hill.com
632,Kristina,Maxwell,HR,Developer,+1-563-439-8150x5471,qmorales@jones.net
633,Jessica,Walker,Engineering,Developer,605.232.3974x5448,jennifer12@hotmail.com
634,Nicholas,Edwards,Finance,Executive,0086249054,connieevans@yahoo.com
635,Megan,Green,HR,Engineer,594.233.3914,davidpittman@perkins.info
636,Eugene,Johnson,IT Support,Analyst,(893)749-7063,pollardjoseph@yahoo.com
637,Valerie,Williams,HR,Engineer,548.599.8019x457,pamelachambers@bullock.org
638,Michael,Chase,IT Support,Coordinator,+1-811-245-1546x912,ryan80@gmail.com
639,Bradley,Wilson,HR,Executive,001-455-223-9367x89311,dedwards@hotmail.com
640,Steven,Johnson,Finance,Developer,(868)947-5038x8535,eochoa@hooper.biz
641,Richard,Ball,HR,Executive,+1-472-044-4046x57082,michaelhodges@mcfarland.net
642,Joshua,Nixon,HR,Developer,(552)422-2093x2460,connie60@hill.net
643,Abigail,Stone,HR,Analyst,(116)912-4676x819,jacqueline36@hotmail.com
644,Adam,Simmons,Marketing,Analyst,647.707.1290x8102,vburns@yahoo.com
645,Jim,Gomez,Sales,Executive,(210)176-1478x723,sullivankristen@yahoo.com
646,Christopher,Clarke,HR,Manager,641-345-5495,bonnieparker@gmail.com
647,Steven,Brady,Marketing,Analyst,567.642.6361x615,paynebryan@yahoo.com
648,Ricky,Coleman,IT Support,Analyst,(474)613-5345x2768,gnelson@hotmail.com
649,Jennifer,Mejia,Marketing,Coordinator,(254)970-8907x319,twoods@gmail.com
650,Richard,Gonzalez,IT Support,Manager,093.053.2959x137,amanda81@hotmail.com
651,Robert,Bradford,Finance,Coordinator,(746)662-9523,greid@yahoo.com
652,Walter,Schneider,Engineering,Analyst,001-375-942-0523x302,richardrogers@yahoo.com
653,David,Wallace,Engineering,Executive,001-518-017-3781x7388,rebecca03@yahoo.com
654,Ryan,Fernandez,Sales,Analyst,807.150.5681x11225,hwallace@clay.com
655,Jeffrey,Anderson,Marketing,Engineer,700-435-6861,nathan40@craig-lindsey.org
656,Vanessa,Coleman,IT Support,Engineer,290-736-6451,dorothycardenas@klein.biz
657,Jason,Thomas,Sales,Executive,+1-052-399-3872x886,meagan05@wilson-miranda.com
658,Adriana,Kemp,HR,Manager,722.381.5810,fmendez@reynolds-simmons.info
659,Gregory,Forbes,HR,Executive,008.091.1448,jessica12@gmail.com
660,Francis,Jones,Engineering,Manager,(601)845-3423x6194,ahoward@yahoo.com
661,Amy,Arellano,Marketing,Developer,327.213.5356x6009,maldonadolouis@cole.com
662,Natalie,Alvarez,Finance,Executive,001-310-532-2031x085,lmurray@hotmail.com
663,Richard,Wood,Sales,Manager,377-787-5441,berrymitchell@figueroa.com
664,Kelly,Moran,HR,Manager,001-472-512-7408x0282,akeller@fields.com
665,Erika,Richardson,HR,Developer,+1-796-369-5327,hesterjoshua@hotmail.com
666,Nancy,Griffin,Marketing,Coordinator,526-501-5467x142,lchristensen@barber.com
667,Dominic,Rodriguez,Finance,Executive,743-004-9215x01735,troy76@yahoo.com
668,Jeffrey,Smith,Engineering,Manager,+1-754-546-8991x3222,david03@hotmail.com
669,Jacob,Rivera,Sales,Engineer,0221230110,timothy36@yahoo.com
670,Michael,Jones,Finance,Manager,+1-776-806-9751,davidlong@holland.info
671,Monica,Hendrix,Engineering,Coordinator,+1-218-380-0724x276,joelclark@black-harris.com
672,Michael,Espinoza,IT Support,Analyst,(186)881-2143,jeffreyriley@bennett.info
673,Brian,Henderson,Marketing,Developer,001-858-872-6627x085,porterjonathan@mcdaniel.com
674,Jennifer,Gonzales,IT Support,Engineer,+1-012-022-3730x0166,jose68@hotmail.com
675,Karen,Chapman,Engineering,Manager,525.833.5335,craigwiley@hotmail.com
676,Mary,Manning,Marketing,Coordinator,+1-634-493-1429x25574,omcdonald@gmail.com
677,Suzanne,Williams,IT Support,Developer,001-601-874-1690x0155,williewinters@price-elliott.com
678,Michael,Mills,IT Support,Analyst,001-367-731-1689x1897,mathew35@yahoo.com
679,Kevin,Harper,Finance,Engineer,001-199-368-8961x7670,ili@yahoo.com
680,Juan,Edwards,Marketing,Analyst,949-692-2669x9187,gcarter@martin.org
681,Joseph,Little,Engineering,Executive,+1-957-879-5231,hughesdylan@yates-lambert.com
682,Larry,Reynolds,Finance,Manager,001-692-434-0066x04339,johnsonbill@gmail.com
683,Benjamin,Nolan,Finance,Developer,(719)453-2185x956,barajaskristin@johnson.com
684,Julie,Gibson,Sales,Analyst,+1-837-903-5332,summerdiaz@hotmail.com
685,Daniel,Jackson,Sales,Developer,(498)017-0152,alexa82@johnston-ballard.biz
686,Amanda,Smith,HR,Engineer,738-593-7708,wrightmonica@hotmail.com
687,Lucas,Johnson,Sales,Analyst,353-994-7309x8697,tommysmith@mueller-foster.org
688,Jennifer,Williamson,Marketing,Manager,8138482236,scotthowe@gmail.com
689,Cynthia,Horton,HR,Developer,(545)301-2895x15288,mcdonaldrobert@gmail.com
690,Daniel,Martin,HR,Manager,(236)576-5750x287,john20@hotmail.com
691,Matthew,Lee,IT Support,Developer,+1-637-177-0450,qhall@freeman-martinez.org
692,Robert,Campbell,IT Support,Coordinator,420-713-7880,rsmith@yahoo.com
693,John,Davis,Finance,Analyst,+1-713-989-9171,vmccarthy@gmail.com
694,Diane,Turner,HR,Engineer,881-864-7281,michael45@hotmail.com
695,Gregory,Blackwell,Engineering,Coordinator,(319)757-7669,bradfordkevin@carr.com
696,Douglas,Petty,Engineering,Manager,425.067.0821,smithnicole@hotmail.com
697,Lauren,Williams,Sales,Executive,3136995484,hmelendez@hotmail.com
698,Kevin,Lewis,Engineering,Manager,(130)552-6226x903,tracie25@gmail.com
699,Michael,Wright,Engineering,Analyst,827-910-2202x6267,watkinsalan@walker.com
700,Daniel,Patrick,Engineering,Executive,001-379-246-1727x9667,dcarlson@dean.com
701,Jill,Conley,Engineering,Executive,+1-988-027-5429x730,martinkimberly@yahoo.com
702,Daniel,Liu,Sales,Manager,001-223-900-9696x1588,woodscourtney@dunlap-sanders.net
703,Jorge,Gomez,Marketing,Coordinator,+1-242-951-8273,fischerandrew@yahoo.com
704,Patricia,Morris,Marketing,Coordinator,(851)244-3719x43127,hlee@yahoo.com
705,Bryan,Diaz,Finance,Executive,+1-598-991-0521x441,clarklinda@gmail.com
706,Amanda,Shepard,Finance,Executive,(870)607-4684,archerroberto@hotmail.com
707,Christopher,Lawrence,IT Support,Developer,001-932-401-1460,mperez@yahoo.com
708,Dustin,Martin,Engineering,Manager,(229)852-2418x34644,cpatterson@allison.org
709,Paige,Greene,IT Support,Coordinator,341-704-2466,ryanjohnson@garcia-sims.net
710,George,Marshall,HR,Analyst,+1-422-960-0526,sullivanlucas@nelson.com
711,Mark,Bradley,Sales,Analyst,(516)524-7634x40540,brandonthomas@hotmail.com
712,Rebecca,Compton,IT Support,Engineer,009.211.5110,nicoletaylor@olsen-mitchell.biz
713,Daniel,Riddle,IT Support,Manager,(326)898-7101,dixonelaine@hess-haynes.info
714,Tina,Sims,Engineering,Coordinator,(182)923-9759,bdominguez@evans.com
715,Crystal,Freeman,IT Support,Coordinator,(609)083-6920,christopherevans@gmail.com
716,Karla,Smith,Engineering,Engineer,(479)249-2563,laura55@moss.info
717,John,Smith,IT Support,Engineer,+1-117-538-1012x839,linda57@hotmail.com
718,Lori,Moore,Finance,Developer,+1-060-274-0667x28106,spencerlaurie@diaz.net
719,Jason,Mullen,Sales,Developer,855-158-4457x099,lewiskevin@hotmail.com
720,Kimberly,Parker,HR,Engineer,001-419-414-3878x697,lauren87@nelson.com
721,Patricia,Warner,Finance,Developer,611.162.4484,frank89@hotmail.com
722,Richard,Sims,Finance,Executive,642-663-2237,jeffreymartinez@watkins-terry.com
723,Jason,Barker,Engineering,Developer,001-933-109-3651x61952,ritterbethany@gmail.com
724,Robert,Stout,Marketing,Coordinator,+1-205-705-1690x81378,nanderson@dyer.com
725,Jeffery,Nguyen,Sales,Developer,002-189-6828x4535,benjamindavis@hoffman.com
726,Bryce,Gutierrez,Marketing,Analyst,(639)532-6391x096,michaeljennings@edwards-mayer.com
727,Jennifer,Davidson,HR,Executive,001-566-679-0642,landerson@hotmail.com
728,Chelsea,Mills,Marketing,Engineer,(179)613-9467x6961,fgeorge@yahoo.com
729,Mark,Ferrell,IT Support,Developer,(486)909-7267x966,richardgraves@kennedy.com
730,Robert,Alexander,IT Support,Executive,+1-421-477-6667x2203,susanvaughn@tucker-townsend.com
731,Chelsea,Jarvis,Finance,Coordinator,161-871-5468x539,jenniferchristensen@larson.com
732,Steven,Johnson,Engineering,Coordinator,+1-805-091-1522x394,john69@king.com
733,Valerie,Contreras,IT Support,Developer,858.278.2555x02927,laurahernandez@hotmail.com
734,Christine,Perry,Finance,Coordinator,+1-825-175-9111,freykaren@hotmail.com
735,Michael,Peterson,Finance,Developer,182.057.2684x300,kathleen09@hotmail.com
736,Amy,Wright,Engineering,Engineer,001-248-378-5855,james92@gmail.com
737,Cody,Brennan,Marketing,Executive,481.317.7711,berrylaura@yahoo.com
738,Wesley,Taylor,Engineering,Developer,+1-253-855-8235x84458,crystalbell@gmail.com
739,Daniel,Howard,IT Support,Coordinator,001-701-842-9411,rjones@yahoo.com
740,Jay,Hernandez,IT Support,Manager,683.594.1557x10606,john30@hotmail.com
741,Laura,Suarez,Engineering,Coordinator,682-380-9629,fjones@proctor.com
742,Theresa,Lopez,Finance,Manager,1788236177,marquezjohn@nichols-steele.com
743,Joseph,Anderson,HR,Analyst,(238)140-8812x177,charlessanchez@gallagher.com
744,Dominic,Hubbard,Engineering,Manager,(890)879-5370,ldodson@hotmail.com
745,Matthew,Oliver,HR,Coordinator,284-367-8230x051,brittany16@herring-baker.info
746,Gabrielle,Leach,Sales,Engineer,931-805-5385x0191,cartersteven@harrison.com
747,Brandon,Shields,Finance,Developer,478-879-2594,sreyes@hotmail.com
748,Adam,Riggs,Marketing,Executive,223.909.1638x1487,thernandez@gmail.com
749,Isaiah,Jones,Engineering,Executive,642.813.4923x559,dylan76@gibbs.biz
750,Matthew,Rivera,Finance,Analyst,326.854.2895,sally85@smith.com
751,Alyssa,Morales,HR,Manager,429-240-9918x8923,michaellouis@maldonado.com
752,Margaret,Clayton,HR,Executive,+1-336-777-6764,cassidy50@hotmail.com
753,Jerry,Hernandez,Engineering,Developer,(523)229-2603x7054,martincody@yahoo.com
754,Stanley,Mitchell,Marketing,Analyst,(593)076-6996x602,tbaxter@bauer.biz
755,Michelle,Clark,Sales,Coordinator,+1-339-660-2033,phillipsmariah@yahoo.com
756,Bradley,Henderson,HR,Developer,025.118.5650x628,reginathomas@yahoo.com
757,Mary,Jordan,IT Support,Analyst,452.485.4560x19327,christinaayala@higgins.com
758,Scott,Scott,Marketing,Manager,766.041.6785,eward@davidson.biz
759,Charles,Rojas,HR,Manager,863.647.4264x7846,kelly47@yahoo.com
760,Michael,Taylor,IT Support,Coordinator,429.758.0181,alberthogan@gmail.com
761,Charles,Ruiz,Marketing,Executive,611-794-4599,crystalclements@schmitt.com
762,Jacob,Johnson,Finance,Developer,001-022-363-4418x55502,umartinez@fields.net
763,Debbie,Calhoun,Marketing,Developer,472-185-0466,jessicacooke@gmail.com
764,Amy,Williams,HR,Engineer,001-268-103-2284x28530,valeriejones@yahoo.com
765,Sue,Martinez,Marketing,Manager,620.435.9855x908,brentcaldwell@gmail.com
766,Suzanne,Davis,Engineering,Analyst,(623)921-8407x360,codydavidson@hotmail.com
767,Nicholas,Morgan,Marketing,Developer,001-457-389-5734x988,sandra59@baker-munoz.com
768,Mark,Marshall,Finance,Coordinator,175-282-4647,hernandezmichael@yahoo.com
769,Justin,Marshall,Sales,Analyst,(193)850-2950x178,fbell@johnson-maxwell.com
770,Travis,Davis,HR,Manager,001-041-351-2126,rneal@york-johnson.com
771,Hannah,Mckinney,Sales,Coordinator,001-006-622-1912,lauren14@gmail.com
772,Kristin,Chapman,HR,Coordinator,742-450-5782x360,marklarsen@smith.com
773,Tanya,Hall,IT Support,Manager,103-256-2688x08599,dcollins@case.com
774,Christian,Marsh,Finance,Developer,5953182277,matthew68@rivers-estrada.com
775,Rachel,Moreno,Finance,Coordinator,001-980-718-4796x479,hcarter@gmail.com
776,Hannah,Cain,IT Support,Executive,(121)023-5850,xrodgers@bridges.org
777,Jessica,Anthony,IT Support,Analyst,(203)414-2898,rwells@hotmail.com
778,Henry,Hayes,Sales,Engineer,(008)651-3658,kthomas@gmail.com
779,Zachary,Delgado,IT Support,Coordinator,(036)743-9336x105,ismith@gmail.com
780,Lisa,Vasquez,Sales,Executive,5119809572,reedphyllis@yahoo.com
781,Nicole,Thomas,IT Support,Engineer,(565)183-6427x77994,cisneroslaura@hardy.info
782,Richard,Nelson,HR,Developer,+1-829-577-3601,chadgarner@yahoo.com
783,Deborah,Gill,Finance,Manager,(349)523-8160x0656,frivera@meyer.com
784,Raymond,Carroll,HR,Manager,596-424-6538,annalee@hotmail.com
785,Nancy,Mccarthy,IT Support,Manager,8004419637,hgutierrez@gmail.com
786,Reginald,Brown,Finance,Developer,(298)384-1980x467,sanchezdonna@parker.com
787,Mary,Buckley,Marketing,Coordinator,085-697-9595x585,danny65@hotmail.com
788,Nathan,Miller,Sales,Coordinator,001-982-585-0190,sanchezrobert@hernandez.com
789,Robert,Smith,Finance,Analyst,(217)055-4969x1679,tony29@hotmail.com
790,Jason,Morton,Marketing,Analyst,(648)939-9718,nicholas04@yahoo.com
791,April,House,Engineering,Coordinator,(602)208-0944,coopernatalie@gmail.com
792,Michael,Stephens,IT Support,Engineer,402-767-7427,rosalesstephanie@gmail.com
793,Alyssa,Perez,Engineering,Engineer,001-983-823-2695,stoutolivia@gmail.com
794,Allison,Dixon,HR,Manager,(613)273-0413,sarahacevedo@rivera.com
795,Kimberly,Nelson,Finance,Developer,560.266.0607x065,nwalton@hotmail.com
796,Edward,Hicks,IT Support,Developer,698.025.0009,jasondurham@peterson-flowers.info
797,Rebecca,Marks,HR,Engineer,174.327.5274x094,bowmantami@holmes.biz
798,Chelsey,Blackburn,Marketing,Executive,613-489-9194x45553,huangjoseph@gmail.com
799,Laura,Williams,Engineering,Analyst,+1-921-586-2655x191,martinstewart@soto.com
800,Kaitlyn,Riley,Marketing,Executive,183-899-0520x289,brownrobert@gmail.com
801,Audrey,Zhang,Finance,Analyst,378.350.2700,briannaedwards@patterson.info
802,Warren,Copeland,IT Support,Executive,404-694-7696x82277,christopherbowman@yahoo.com
803,David,Day,Engineering,Manager,(954)767-8425x05824,hallmaria@gmail.com
804,David,Adams,Sales,Manager,(710)626-6557,melissa61@decker.com
805,Kevin,Brown,Marketing,Engineer,687-759-3760,stephaniewallace@hotmail.com
806,Beth,Jones,Finance,Manager,(246)853-5096x37501,fbrooks@yahoo.com
807,Alejandro,Flores,Marketing,Coordinator,(492)723-6777,ucarr@james.com
808,Kayla,Morris,Finance,Coordinator,5097080219,washingtonerin@hotmail.com
809,Courtney,Bryant,IT Support,Analyst,(724)974-1367x6718,nfletcher@byrd.com
810,Kristen,Hudson,HR,Developer,001-506-139-3313,benjaminhayes@rivers.com
811,James,Miller,Engineering,Coordinator,001-149-351-0847,longjanet@best.com
812,Michelle,Haas,IT Support,Engineer,2458059242,kristenlewis@johnson.org
813,Joshua,Hodge,Sales,Executive,316-394-2535x04984,gomezregina@morrow.com
814,Stephanie,Williams,Finance,Coordinator,+1-266-991-6391,taylornicholas@hotmail.com
815,Crystal,Howell,Finance,Analyst,001-561-170-8188x406,ilucero@gmail.com
816,Jonathan,Torres,IT Support,Manager,+1-245-210-1376x60879,dpeterson@yahoo.com
817,Carly,Hurst,Marketing,Manager,490.501.3822x4175,hardyemily@hotmail.com
818,Holly,Lozano,Marketing,Analyst,818.819.2903x9109,diana73@morris.info
819,William,Collier,Sales,Manager,(208)801-0497x9385,larry34@hotmail.com
820,Tim,Matthews,HR,Coordinator,+1-657-091-9424x99800,uwright@gmail.com
821,Susan,Dyer,Sales,Analyst,001-378-265-6052x94268,brookemurphy@hotmail.com
822,Randy,Blackburn,Finance,Coordinator,939-906-1566,victoriaward@yahoo.com
823,James,Cannon,IT Support,Developer,001-765-147-6607,caitlyn94@bell-cannon.com
824,Sarah,Carlson,Finance,Manager,001-447-721-1220x2596,amy72@hardy.com
825,Amy,Campbell,Marketing,Engineer,634.425.4509x587,fwilcox@gmail.com
826,Tammy,Bauer,IT Support,Engineer,248-896-5353x030,ryanallen@yahoo.com
827,Taylor,Williams,Marketing,Coordinator,+1-992-531-7213x2695,bakerblake@brown-harris.com
828,Philip,Choi,Engineering,Coordinator,241-599-1656,burgesstara@yahoo.com
829,Robert,Ortega,Engineering,Coordinator,191.311.1611x590,nbrown@camacho.org
830,Amanda,Hoover,Engineering,Developer,(040)587-3434,hoffmanjason@hotmail.com
831,Bradley,Graham,Engineering,Executive,958-731-5581x67975,jeffgonzalez@white.com
832,Justin,Smith,HR,Coordinator,001-165-467-5520,jgreene@jones.biz
833,Katie,Robinson,Engineering,Analyst,+1-274-860-0282x8398,morristamara@mclaughlin-cochran.com
834,Jennifer,Benjamin,Finance,Coordinator,213-922-6717x707,xwilliams@yahoo.com
835,Chelsey,Watson,Engineering,Engineer,001-803-603-1000x978,moodymanuel@hotmail.com
836,James,Weaver,Finance,Analyst,001-426-400-8626x358,jacobstafford@williams.com
837,Christopher,Smith,HR,Coordinator,+1-465-511-5329x176,mary19@bradford.net
838,Anna,Hartman,Finance,Engineer,4890158968,wshaw@yahoo.com
839,Shannon,Cummings,Finance,Analyst,148.544.3886x88142,rachel96@hotmail.com
840,Matthew,Morse,Sales,Analyst,+1-131-050-3848x4202,lewisalexandra@maldonado.info
841,Tina,Morgan,Engineering,Coordinator,418.996.2514x08285,vlee@soto-boyd.org
842,April,Morales,Marketing,Engineer,110.043.7451,victoria04@yahoo.com
843,Lisa,Lindsey,IT Support,Coordinator,001-942-505-5728,john41@galvan.com
844,Joshua,Sparks,Engineering,Coordinator,9056732741,smithebony@hinton.info
845,Jonathan,Scott,Finance,Engineer,(162)736-9194x89613,brandonhowell@yahoo.com
846,Debra,Ramirez,HR,Engineer,001-380-148-1172x30897,rubenjones@phillips.com
847,Katelyn,Sanders,Marketing,Manager,1451430856,michaelarcher@hotmail.com
848,Christopher,Walsh,Marketing,Developer,794-476-2703x813,laurawood@hoover-pham.com
849,Kim,Gonzalez,Marketing,Manager,694.931.4290x62886,ellisoncrystal@bowman.com
850,Jerry,Berry,IT Support,Coordinator,001-514-536-7661x15748,lindsayhayden@gmail.com
851,Eric,Rowland,HR,Engineer,001-241-188-0085,whitneydavid@little-smith.com
852,Ashley,Smith,Sales,Analyst,544.616.4011,thomasmark@black.com
853,Samantha,Moreno,Marketing,Executive,515-058-3706,greenelisa@yahoo.com
854,Lori,Garcia,IT Support,Manager,001-081-107-8776x6498,bowmanmartin@hotmail.com
855,Nathan,Richards,HR,Analyst,560-831-5888,thompsonpaul@gmail.com
856,Jorge,Blair,Marketing,Manager,001-184-575-5082x61984,brewerchristopher@yahoo.com
857,Sandra,Lyons,HR,Coordinator,739-429-1112x993,dlyons@yahoo.com
858,Shelly,Sanchez,Engineering,Developer,(500)143-7474,oliviaoliver@gmail.com
859,Crystal,Hall,HR,Manager,(383)436-1200x2439,johnsonandrea@simmons-thompson.biz
860,Christopher,Griffith,HR,Coordinator,001-224-299-1147,jenniferlivingston@yahoo.com
861,Ricardo,Peterson,Finance,Coordinator,473-074-6386x690,david93@hotmail.com
862,Cathy,Young,HR,Coordinator,+1-939-522-1809x2394,hernandezmichelle@yahoo.com
863,John,Figueroa,Finance,Executive,454.885.8184,jack14@murphy-hebert.biz
864,Debra,Perez,Sales,Engineer,496-021-8302x516,martinezjeremiah@hotmail.com
865,Jill,Williams,Engineering,Coordinator,449.432.3017,andrea90@gmail.com
866,Justin,Baker,Engineering,Coordinator,874.056.9102,marshallrandy@hotmail.com
867,Kevin,Vargas,Engineering,Manager,001-162-966-3400x810,gary75@allen.org
868,Amanda,Johnson,Finance,Engineer,001-066-258-7609x7803,jennifer54@vargas-jackson.net
869,Lisa,Lopez,IT Support,Executive,001-267-243-5121x44513,esmith@yahoo.com
870,Jennifer,Russo,HR,Engineer,679-015-1026x196,dadams@rhodes-thompson.org
871,Miranda,Warren,Marketing,Developer,001-087-742-3809x96200,fortiz@gmail.com
872,Emma,Stevens,Finance,Developer,(577)596-2992,awells@gmail.com
873,Kim,Mcdonald,Sales,Manager,+1-125-260-3848x11536,scottreyes@may-wells.com
874,David,Johnson,Sales,Manager,8296186249,swhite@lee-krause.net
875,Kenneth,Sims,Sales,Engineer,949.052.2974x817,fwiggins@gmail.com
876,Michael,Stanton,Engineering,Engineer,995-655-0386x5023,ljenkins@hotmail.com
877,Anna,Scott,Sales,Executive,103-695-1861,guerreroteresa@yahoo.com
878,Michael,Garcia,IT Support,Coordinator,881-005-6782,harrisandrew@bell-medina.com
879,Michael,Ryan,Engineering,Analyst,001-352-038-7211x645,howellchristopher@gmail.com
880,Danielle,Rodgers,Marketing,Executive,4579812075,thomasaaron@gmail.com
881,Katherine,Fields,Marketing,Coordinator,001-892-291-3058x164,icunningham@yahoo.com
882,Joshua,Fuentes,Finance,Manager,001-933-405-7446x980,erica41@walker.com
883,Matthew,Byrd,Marketing,Executive,(319)661-5583x2350,mackian@gmail.com
884,Brian,Woods,Engineering,Coordinator,9606117144,tara87@gmail.com
885,Christine,Velasquez,Finance,Executive,670-093-4809x35550,watsonpatty@davenport.biz
886,Luis,Walker,Marketing,Engineer,+1-446-548-9741x12502,heather99@gmail.com
887,Kimberly,Thompson,IT Support,Coordinator,567.470.2344,johnsonjoshua@yahoo.com
888,Lindsey,Moore,Marketing,Manager,001-810-940-9791x5825,smithjames@acosta-duran.info
889,Ashley,Moss,Sales,Manager,+1-926-583-9274x240,mercadodominique@gmail.com
890,Shannon,Lewis,Marketing,Coordinator,+1-864-641-5289x336,shane96@yahoo.com
891,Jill,Smith,IT Support,Developer,001-926-660-6886x963,ericdaniels@yahoo.com
892,Jonathan,Sosa,IT Support,Analyst,929.080.3973x1559,andersondana@gmail.com
893,Matthew,Russell,IT Support,Executive,+1-157-378-5873,richvalerie@yahoo.com
894,Scott,Reyes,Engineering,Coordinator,+1-897-558-0333x84666,rballard@gmail.com
895,Darrell,Burns,Marketing,Manager,(562)110-8181x65168,torresjulie@gibbs-young.info
896,Steve,Coleman,Sales,Manager,001-649-776-2983x084,michelle46@gmail.com
897,Brian,Cochran,Finance,Manager,(779)640-2644x432,aaron48@yahoo.com
898,Amanda,Hall,Sales,Engineer,114.730.5604x2716,bashley@yahoo.com
899,Carrie,Stewart,Sales,Executive,222-658-3579,melissagibbs@greene.biz
900,Craig,Solis,Marketing,Executive,(162)937-0728,johnsonjustin@may.com
901,Jessica,Kelley,Engineering,Engineer,5191376593,bakeredward@leonard.org
902,Tamara,Raymond,HR,Coordinator,001-330-657-7536x961,vargassamuel@gmail.com
903,Nancy,Hubbard,IT Support,Executive,371.340.3169,mclaughlinjessica@hall.com
904,Michelle,Johnson,Marketing,Developer,(338)452-0834,sharon32@yahoo.com
905,Kendra,Potts,Sales,Analyst,+1-650-362-5738x6737,fischeramber@hotmail.com
906,Jared,Wilcox,IT Support,Developer,343-605-9607,kparker@moran-webb.com
907,Frank,Krueger,IT Support,Coordinator,(574)213-6816x7322,carpentermelinda@gmail.com
908,Corey,Fischer,Finance,Analyst,+1-566-502-7914x9872,veronicamartinez@yahoo.com
909,Jeremiah,Barton,Engineering,Analyst,717-233-0782x65868,pvasquez@olsen.info
910,Haley,Compton,HR,Analyst,286-060-9200,raymondbarron@smith.com
911,Daniel,Farmer,Engineering,Coordinator,001-199-215-0834x48288,jameswatts@hotmail.com
912,Vincent,Walton,Engineering,Analyst,9623634740,jmassey@pace-brown.com
913,Amanda,Morales,Engineering,Executive,+1-775-603-7148,mmiller@hotmail.com
914,James,Evans,Sales,Executive,+1-533-421-2354x9670,ewhite@briggs.com
915,Lori,Collier,Sales,Developer,3850521258,joneskathryn@gmail.com
916,Gregory,Daniels,IT Support,Engineer,6108576407,michelle37@taylor-sweeney.info
917,Tara,Moore,Engineering,Engineer,356-219-3994,jasonmoore@smith-ward.com
918,Gerald,Jensen,Finance,Manager,8668707504,dbernard@yahoo.com
919,Johnny,Montes,IT Support,Developer,(566)260-6624x872,obriendiana@benton.com
920,Stephen,Bass,IT Support,Executive,+1-205-548-8622,pgay@yahoo.com
921,Tina,Stark,Sales,Developer,(216)152-3388x3732,weavershelby@yahoo.com
922,Lisa,Russell,Sales,Analyst,(650)238-9511,justinwilliams@hodges.info
923,Amanda,Hendrix,Engineering,Executive,(142)946-9922,jason16@thompson-atkinson.info
924,Melissa,Rich,IT Support,Manager,001-360-741-0189x900,haley97@moore-bryant.com
925,James,Ross,Engineering,Analyst,+1-046-767-4154x4185,holtjuan@hotmail.com
926,Paige,Patrick,Marketing,Executive,+1-761-853-1462x91521,dcox@matthews.com
927,Gloria,Scott,Engineering,Engineer,001-571-677-9373,davisjustin@diaz-stanley.com
928,Rachel,Cobb,HR,Executive,+1-589-378-7378x86320,eric19@dunn-davis.com
929,Samantha,Young,Engineering,Manager,465.683.6601x459,kathrynwaters@jones.biz
930,Paul,Paul,Sales,Analyst,(769)814-3259x0029,joel44@gmail.com
931,Allen,Taylor,HR,Analyst,001-727-171-4950x570,beckymcfarland@reynolds-mosley.org
932,Jeffrey,Cruz,Finance,Developer,031-037-6105,thomas60@hutchinson-miller.biz
933,Holly,Gutierrez,Finance,Executive,(425)785-4545x062,xsmith@hotmail.com
934,Rachel,Clark,HR,Coordinator,+1-539-682-6840x0334,nlong@nichols.net
935,Kevin,Mendoza,Marketing,Coordinator,+1-903-084-8236x61587,psmith@lester-smith.com
936,Matthew,Blackwell,Sales,Developer,001-301-334-1406x6399,emily33@blevins.com
937,Jesse,Larsen,Sales,Engineer,2331975920,chelseastewart@yahoo.com
938,Tyler,Ingram,Engineering,Executive,001-331-821-4433x0175,ronaldkelley@yahoo.com
939,Jesse,Martin,Finance,Coordinator,001-681-971-1594x2012,zsantiago@gmail.com
940,Justin,Olson,Finance,Engineer,(370)250-8125,munozdebra@hotmail.com
941,Virginia,Matthews,HR,Manager,9632466988,uwilliams@holloway-chambers.net
942,Ashley,Gordon,HR,Manager,001-001-259-1194x99454,lopezmichele@harris.com
943,Michael,Logan,Finance,Engineer,001-283-839-9778,gonzalezkimberly@smith-woods.com
944,Tracy,Reed,IT Support,Coordinator,001-709-166-5356x637,marcus79@yahoo.com
945,Margaret,Hall,HR,Manager,(275)834-9437x0428,amanda70@hotmail.com
946,Deborah,Holmes,Finance,Developer,+1-428-630-9322x710,normannicholas@yahoo.com
947,Elizabeth,Phillips,Engineering,Developer,001-829-095-5776x8455,sarah35@gmail.com
948,Laura,Salazar,Engineering,Developer,(667)811-4366x16770,jacksonsean@le.com
949,Tina,Yang,Finance,Manager,691.913.2467x1915,dannychapman@yahoo.com
950,Mary,Baker,Finance,Executive,+1-261-297-0831x1325,cherylgarrett@carroll.com
951,Eric,Mcdowell,IT Support,Manager,001-760-679-0146x53745,mary61@yahoo.com
952,Kathryn,Fox,Marketing,Engineer,563-690-6204,jodi23@woods.biz
953,Richard,Clarke,Marketing,Manager,534.442.6032,james20@gmail.com
954,Nicole,Watson,Finance,Executive,001-259-355-5409x24690,wvasquez@joyce-coleman.org
955,David,Garcia,IT Support,Coordinator,677.213.6015x20110,jamesfrancis@barrett-little.com
956,Anthony,Griffith,HR,Manager,969.790.5066x611,breed@gmail.com
957,Megan,Huffman,Engineering,Coordinator,363.152.1152x66659,maxwell58@gmail.com
958,Patricia,Rasmussen,Sales,Executive,(141)957-7948,kentbradshaw@yahoo.com
959,Caleb,Phillips,Marketing,Analyst,(219)847-8733x47983,misty33@mclean.net
960,Keith,Norris,Finance,Engineer,+1-552-700-3974x7657,gcabrera@yahoo.com
961,Emily,Lopez,Finance,Manager,001-297-255-1554,vargasbrian@navarro-smith.org
962,Brittney,Anderson,Finance,Developer,(151)388-9922x961,rgrant@hotmail.com
963,Haley,Lyons,Finance,Developer,+1-723-158-0166x9603,sparksjoseph@carroll-gray.net
964,Michelle,Russell,Finance,Engineer,887.859.5919x12073,jessica54@rodriguez-coleman.com
965,Linda,Young,Marketing,Executive,211-434-1785x839,vharris@hotmail.com
966,Kaitlyn,Mercer,Finance,Executive,+1-500-342-2985x0634,tsullivan@green.com
967,Joshua,Collier,HR,Analyst,+1-817-817-8005x139,lynngarcia@gmail.com
968,Heather,Snow,Sales,Engineer,(218)770-3869,mcdanieljuan@taylor-good.org
969,Curtis,Soto,Finance,Developer,884-407-6457x946,alee@gmail.com
970,Andrew,Thomas,Sales,Engineer,338-710-2498x3246,yeseniaunderwood@yahoo.com
971,Thomas,Lynch,Engineering,Coordinator,285-160-1639x650,brianaoliver@baker.com
972,Michelle,Lyons,Marketing,Engineer,(106)267-7124x85369,brandibarnes@gmail.com
973,Sarah,Smith,Engineering,Engineer,+1-418-189-4976x3883,hansoncatherine@schwartz.biz
974,Thomas,Washington,Finance,Executive,+1-434-379-6159x34653,christopher58@hotmail.com
975,Brian,Jordan,Marketing,Analyst,988-445-9501,kingvictoria@martinez.com
976,Shane,Rodriguez,IT Support,Manager,(159)400-2408,foleymatthew@yahoo.com
977,Amy,Murillo,IT Support,Executive,829-027-3642,ediaz@hotmail.com
978,Howard,Lewis,HR,Engineer,9568413471,zharmon@yahoo.com
979,Lorraine,Casey,Finance,Executive,(344)891-0551x34771,fitzgeraldmegan@wilkinson.info
980,Rebecca,Burton,Engineering,Engineer,319-388-3277x0872,ralexander@castillo-davis.biz
981,Stephen,Cuevas,Engineering,Analyst,616-690-2837x0533,oliviarusso@clark.com
982,Deborah,Velez,Finance,Engineer,261.868.4998x6553,mariehall@nelson.org
983,Donna,Frederick,Marketing,Manager,560.291.9988,molly35@gmail.com
984,Christine,Young,Marketing,Manager,4450332274,bhill@brown.com
985,Jacob,Benson,Finance,Executive,855-188-4083,gutierrezlisa@miller-molina.com
986,Kristin,Burns,Engineering,Engineer,001-703-991-1174x483,annarodriguez@hotmail.com
987,Suzanne,Villegas,IT Support,Analyst,409.148.5694,etaylor@hotmail.com
988,Andrew,Alexander,Finance,Developer,001-549-158-8428x5275,aroberts@hernandez-swanson.biz
989,Luis,Chavez,IT Support,Coordinator,805.508.1880,ryan49@thomas-turner.net
990,Anna,Shelton,HR,Analyst,001-272-613-5964x164,rodrigueztyler@kramer.com
991,Leslie,Mitchell,Sales,Analyst,821.999.7283,nroberts@gmail.com
992,Brian,Ortiz,Sales,Manager,+1-390-282-0641x857,peter32@hotmail.com
993,Zachary,Rodriguez,IT Support,Developer,623.373.2620x2285,laurenjackson@yahoo.com
994,Chad,Murphy,Engineering,Engineer,001-320-390-9828x006,awalker@robertson.biz
995,Todd,Carrillo,HR,Analyst,001-823-938-7644x7385,ngreen@gmail.com
996,Elizabeth,Parks,Marketing,Analyst,001-047-658-3009x4074,juliechavez@berg-palmer.net
997,Heidi,Gutierrez,HR,Analyst,248.062.8562x027,antonio08@berg.biz
998,Mario,Freeman,Marketing,Developer,431-176-3719x2271,rogergarcia@young.com
999,Becky,Jefferson,IT Support,Analyst,001-159-154-9420,evelyn34@orr.com
1000,Kevin,Hernandez,Marketing,Analyst,(460)771-8816x774,tanderson@hotmail.com
